,PlayerName,FIP-,Season,piwFA,piwFC,piwFS,piwSI,piwCH,piwSL,piwCU
0,Jacob deGrom,49.2756315568296,2018,23.338510513305664,,0.3460729718208313,0.35626330971717834,12.544804573059082,16.63853645324707,4.577065467834473
1,Clayton Kershaw,52.634068675910406,2015,27.243383407592773,,,,-0.74569171667099,16.787548065185547,16.44452476501465
2,Chris Sale,56.30899848247236,2017,26.721004486083984,0.04318779706954956,0.35119545459747314,5.46927547454834,4.526273727416992,7.642698287963867,
3,Max Scherzer,63.961433349831495,2018,30.37654685974121,0.3233107030391693,,,9.459199905395508,10.273357391357422,-3.8331191539764404
4,Gerrit Cole,58.465065973583755,2019,35.646541595458984,,,0.1247122585773468,0.44239217042922974,14.997844696044922,0.09556052088737488
5,Corbin Burnes,37.56055284011642,2021,0.4924775958061218,26.098819732666016,,-2.7332887649536133,0.6327807903289795,6.924337387084961,14.111374855041504
6,Zack Wheeler,59.14213802560461,2021,16.74673843383789,,-1.8186105489730835,10.614943504333496,1.630415439605713,12.202614784240723,2.53275990486145
7,Corey Kluber,56.58196148406828,2017,5.728440284729004,9.62879467010498,,-7.078298091888428,7.719364643096924,37.98255920410156,
8,Jake Arrieta,60.56101946096921,2015,-0.6921239495277405,0.10912862420082092,-0.03492240607738495,24.996477127075195,2.8227977752685547,23.748367309570312,7.418314456939697
9,Jacob deGrom,61.54418246601696,2019,17.013309478759766,,,-0.15111860632896423,11.426794052124023,22.32346534729004,0.8622000217437744
10,Lance Lynn,65.92083690972981,2019,26.62318229675293,4.931365489959717,,-5.6172380447387695,-2.370734214782715,0.8756558299064636,-1.4496923685073853
11,Tarik Skubal,57.16649036768522,2025,9.815632820129395,,,5.935200214385986,26.344228744506836,4.162182807922363,-0.2039169818162918
12,David Price,67.45068291866575,2015,6.0666680335998535,0.7078224420547485,,13.933266282081604,11.356968402862549,,1.7412880659103394
13,Justin Verlander,67.44602971675288,2018,29.62105941772461,-2.4075305461883545,,0.0489189550280571,-2.7613658905029297,3.423870086669922,8.906929016113281
14,Paul Skenes,57.85736881400378,2025,19.08220672607422,,,9.1742525100708,8.254190444946289,10.25415325164795,-4.929614543914795
15,Max Scherzer,72.32050378446888,2015,24.1070613861084,0.6061173677444458,,,4.482637405395508,12.103802680969238,-1.7251826524734497
16,Cristopher Sánchez,60.737504910032,2025,,,,19.8257999420166,19.638322830200195,-0.7743143439292908,
17,Max Scherzer,54.14939556951813,2019,17.733003616333008,-5.773647785186768,,,-3.5712802410125732,23.068830490112305,0.7049958109855652
18,Chris Sale,53.00110736261712,2024,-0.36031362414360046,,,-5.566232681274414,12.938350677490234,24.545631408691406,
19,Max Scherzer,65.8527512182182,2017,9.18742847442627,4.047768592834473,,0.07403527945280075,8.377511978149414,26.65607261657715,1.2532390356063843
20,Justin Verlander,72.1711994547438,2019,11.050810813903809,,,0.026983316987752914,2.5568411350250244,32.25641632080078,5.756433963775635
21,José Fernández,57.61402756074515,2016,9.649288177490234,0.05988546460866928,,-1.4927241802215576,5.678868770599365,,23.74244499206543
22,Clayton Kershaw,44.85288330301035,2016,22.836462020874023,,,,-0.15614114701747894,23.19017219543457,5.391674995422363
23,Aaron Nola,63.712463483235005,2022,15.274785041809082,2.0915215015411377,,12.478713035583496,-6.22009801864624,,8.051702499389648
24,Carlos Rodón,59.355328357957106,2022,24.870145797729492,,,,-1.249022364616394,10.115606307983398,1.506646752357483
25,Chris Sale,47.581126321219834,2018,12.869266510009766,,,-3.1333343982696533,8.569560050964355,18.904298782348633,0.3368503451347351
26,Justin Verlander,63.121288247969765,2022,27.620800018310547,,,,0.3733559250831604,9.987489700317383,8.5910005569458
27,Tarik Skubal,59.588009535413214,2024,17.249479293823242,,,7.40104866027832,9.028366088867188,2.988407850265503,1.6879349946975708
28,Noah Syndergaard,56.7218555841262,2016,3.589753583073616,,,1.5078277885913849,1.1106764674186707,14.970451563596725,0.29905378818511963
29,Charlie Morton,64.68884080439513,2019,6.909766674041748,-0.774238646030426,-2.665147304534912,0.6688344478607178,,4.730288505554199,25.291818618774414
30,Sandy Alcantara,75.14151431539631,2022,-1.7167912721633911,,,10.986494064331055,24.601749420166016,3.613429307937622,-0.06386908888816833
31,Gerrit Cole,65.51392036487447,2018,28.407470703125,,,2.0640265941619873,2.043076753616333,2.9426729679107666,1.328462839126587
32,Zack Wheeler,70.69974487716907,2023,22.928468704223633,,,9.310166358947754,-0.8080905675888062,-1.5277752876281738,-5.527726173400879
33,Stephen Strasburg,61.78659959646953,2017,12.114251136779785,,,0.266539990901947,9.585868835449219,2.099612236022949,13.84893798828125
34,Trevor Bauer,57.91727445609645,2018,12.735728859901428,1.7743905186653137,,-3.412236213684082,4.2503716461360455,10.518789481371641,4.028409838676453
35,Patrick Corbin,61.7937650191803,2018,1.461689829826355,,,8.485227584838867,-2.2526168823242188,26.508657455444336,2.4833245277404785
36,Garrett Crochet,68.50940671180358,2025,-8.827823638916016,8.652261734008789,,13.485262870788574,2.230875015258789,15.765082359313965,
37,Nathan Eovaldi,65.07277176103193,2021,0.17227108776569366,0.7292056679725647,-0.059200163930654526,,,0.3292628824710846,8.128485679626465
38,Dallas Keuchel,72.15060267517428,2015,-5.2373785972595215,1.126935362815857,,23.248111724853516,6.831299781799316,17.474197387695312,0.17678752541542053
39,Max Scherzer,78.46679801472214,2016,27.635343551635742,0.034525562077760696,,,-2.9016895294189453,19.647499084472656,-0.9658051133155823
40,Chris Sale,66.25228443023332,2015,5.454508304595947,,-0.016299225389957428,-3.291100025177002,14.238480567932129,4.852689266204834,
41,Stephen Strasburg,72.24087837227835,2019,2.4270179271698,,,6.891772747039795,11.028964042663574,-3.5123772621154785,23.72707748413086
42,Luis Severino,68.4147787167559,2017,9.223004341125488,-0.356211394071579,,,10.088651657104492,18.082796096801758,0.4020327925682068
43,Shohei Ohtani,58.78848197960764,2022,0.0081600621342659,2.0176637172698975,2.883410692214966,0.7707192301750183,-0.10919114947319031,27.05331802368164,-1.8595119714736938
44,Corey Kluber,73.15411337278394,2015,2.545917510986328,16.79911994934082,,-8.973057746887207,1.6868332624435425,16.707155227661133,
45,Walker Buehler,73.13292720797395,2021,17.87548065185547,8.451126098632812,,4.32672119140625,4.856542110443115,4.923460960388184,2.779127836227417
46,Logan Webb,65.92719773303705,2025,0.6485876441001892,-3.345829486846924,,8.329858779907227,11.539175987243652,-3.3416645526885986,
47,Kevin Gausman,59.721516458107054,2022,1.1711604595184326,,8.673253059387207,,-0.3000541031360626,-4.2397637367248535,
48,Shane Bieber,73.54064764756835,2019,15.729627922177315,,,0.11977848410606384,-0.9217363893985748,11.255691945552826,2.912565015256405
49,Aaron Nola,71.64600599940144,2018,13.368083000183105,,,5.413909912109375,1.9417212009429932,0.05668916553258896,22.7252140045166
50,Zack Wheeler,75.27975396872655,2024,12.155583381652832,,3.442349672317505,16.63804054260254,,5.578369617462158,-3.0594680309295654
51,Spencer Strider,66.48873639985554,2023,6.898504734039307,,,,2.1798644065856934,17.922534942626953,
52,Corey Kluber,74.01426877199239,2018,1.628133773803711,15.039381980895996,,-7.5964484214782715,1.1805123090744019,21.061046600341797,-0.026440227404236794
53,Jesús Luzardo,68.67996798803638,2025,-0.5170645713806152,,,-2.198920488357544,5.369481563568115,14.337857246398926,-0.8042148351669312
54,Luis Severino,68.31698382524526,2018,7.296163082122803,0.34616246819496155,,,-1.7570048570632935,14.382641792297363,-0.04960940033197403
55,Sonny Gray,65.91529604323527,2023,5.302433490753174,2.1262779235839844,,-2.697842836380005,-1.1838361024856567,21.431846618652344,4.2261643409729
56,Carlos Carrasco,70.32374812144718,2017,-12.663064956665039,,,-0.46791872382164,19.82185935974121,13.030484199523926,6.196276664733887
57,Max Scherzer,68.90223271372274,2021,19.708996772766113,0.9373044669628143,,,5.9258953332901,12.913642883300781,-0.07618153095245361
58,Justin Verlander,80.86273190050723,2016,14.960026741027832,3.4522180557250977,,,-5.002735137939453,16.127111434936523,8.615086555480957
59,Zack Greinke,73.08559283187368,2019,17.47851848602295,-0.1966487318277359,-0.03891072794795036,-4.027149677276611,18.98709487915039,-2.274203360080719,13.621922850608826
60,Zack Greinke,72.71641236791207,2015,20.126018524169922,,,1.0229809284210205,19.634586334228516,17.84080696105957,-0.40502896904945374
61,Gerrit Cole,72.46575474598859,2023,28.283884048461914,4.0009589195251465,,,-0.8563640117645264,9.47106647491455,3.739802837371826
62,Chris Sale,81.0935205264895,2016,13.859886169433594,,,5.485836029052734,4.6751909255981445,9.677062034606934,
63,Kevin Gausman,68.26624876972106,2023,18.09674644470215,,3.4261550903320312,,,-2.7421231269836426,
64,Carlos Carrasco,69.76139127065386,2018,-2.5438223481178284,,,-0.246061310172081,6.023537993431091,5.354174077510834,3.414306301623583
65,Gerrit Cole,67.82988663791926,2021,15.76590347290039,,,-1.9123148918151855,5.9457550048828125,10.252584457397461,-1.1508070230484009
66,Lucas Giolito,73.29722817563216,2019,21.081707000732422,,,0.05931270867586136,14.834925651550293,1.7547214031219482,-4.293199062347412
67,Zac Gallen,77.20854239785002,2023,25.28092384338379,-6.940600395202637,,,4.926163196563721,0.16939221322536469,3.2221603393554688
68,Walker Buehler,67.40521161175789,2019,22.25692367553711,3.5353238582611084,,5.012374401092529,-1.4142590761184692,3.5301570892333984,-2.840075731277466
69,Rick Porcello,80.85007380525605,2016,9.545775413513184,0.87453693151474,,7.452728271484375,10.739952087402344,8.467703819274902,-1.4789870977401733
70,Chris Archer,73.226269863748,2015,1.947999358177185,,,0.04820410534739494,1.051287293434143,23.92676544189453,
71,Gerrit Cole,69.7779409493227,2015,16.9115047454834,,0.3155338764190674,6.635487079620361,-0.9576175808906555,5.5553059577941895,-1.1112900972366333
72,Julio Urías,72.46014299041637,2021,-0.11227300018072128,,,,8.16077709197998,,22.90248680114746
73,Cole Ragans,71.97696921808858,2024,11.576022148132324,0.697625994682312,,,10.079529762268066,-1.139992356300354,3.1563057899475098
74,Carlos Rodón,59.684307472991904,2021,25.02581024169922,,,,-5.978639125823975,14.153518676757812,-2.1836917400360107
75,Hyun Jin Ryu,69.52979823900867,2019,6.556641578674316,0.8798926472663879,,2.238663911819458,24.91152572631836,-0.08466023206710815,3.3689019680023193
76,Logan Webb,74.9975978649005,2023,-1.6361427307128906,-0.08634588867425919,,3.2097787857055664,29.358457565307617,0.8070745468139648,
77,Yoshinobu Yamamoto,70.19916476883424,2025,17.862041473388672,6.0618109703063965,9.81946849822998,0.6054379343986511,,0.5941685438156128,5.02406120300293
78,Jose Quintana,83.47040279337075,2016,18.389537811279297,0.5088223814964294,,11.33654499053955,-3.6888935565948486,,-4.7335615158081055
79,Max Fried,69.63184375924577,2022,6.976728916168213,,,6.1828179359436035,6.924203872680664,3.9345576763153076,8.501240730285645
80,Corey Kluber,75.9681328683684,2016,-1.6900993585586548,17.029905319213867,,-7.092648983001709,0.42228853702545166,22.47345733642578,
81,Madison Bumgarner,78.29025402056897,2015,13.70709228515625,16.295888900756836,,-0.04601837694644928,-0.1685229241847992,,3.071995258331299
82,Johnny Cueto,75.97647748724583,2016,10.675732612609863,-2.071584939956665,,11.590044021606445,3.5042006969451904,5.935313701629639,0.7640923857688904
83,Zach Eflin,72.18006916178513,2023,4.199714183807373,0.6707250475883484,,8.51535701751709,-0.5133374929428101,-0.2893313765525818,9.054451942443848
84,Jon Lester,75.1208295054943,2015,7.170782566070557,5.954402923583984,-0.05873878672719002,3.5666518211364746,0.20041024684906006,,1.0152839422225952
85,Jacob deGrom,70.22314673493484,2015,21.87953758239746,,,-0.4178045690059662,9.993043899536133,7.270900249481201,-1.1175001859664917
86,Spencer Strider,47.62420285229758,2022,22.712412357330322,,,,-0.17645516246557236,8.159184366464615,
87,Zack Greinke,75.61190551463248,2017,0.5309321284294128,0.04318779706954956,,-3.350903034210205,14.186582565307617,8.697559356689453,7.2932891845703125
88,Justin Steele,70.12731056678906,2023,,10.296208381652832,,1.436257004737854,-1.1583362817764282,4.5468549728393555,0.7185222506523132
89,Max Fried,71.19045682484094,2025,2.627331018447876,11.243878364562988,,3.704456090927124,1.7502353191375732,-0.06213149428367615,3.3186228275299072
90,Jimmy Nelson,70.05985981575746,2017,-6.189789295196533,,-0.4011478126049042,15.501699447631836,-0.5221670269966125,-0.3703753650188446,9.494714736938477
91,Carlos Carrasco,69.8759599754675,2015,-4.546177864074707,0.04987385869026184,,5.367244720458984,6.946897506713867,7.9023332595825195,6.161866188049316
92,Seth Lugo,78.23660895577198,2024,5.338451385498047,7.408223628997803,,3.4648501873016357,0.1607116311788559,-1.1815917491912842,10.190067291259766
93,Kevin Gausman,73.68356144516682,2021,14.200447082519531,,17.509767532348633,,-0.11327044665813446,0.5523433685302734,-0.035847388207912445
94,Dylan Cease,77.07759027283093,2024,3.8579258918762207,-0.9168205857276917,-1.1571425199508667,,,28.740793228149414,-1.288254737854004
95,Shane Bieber,73.32766426668957,2022,-0.2916101813316345,7.5974626541137695,,,-0.2298145294189453,15.808394432067871,5.569446086883545
96,Brandon Woodruff,68.9298639716814,2021,7.655277252197266,,,15.047971725463867,5.5499467849731445,1.8709691762924194,5.993936061859131
97,Blake Snell,72.42198923046553,2018,9.304581642150879,,-0.26123493909835815,,8.3457612991333,10.691164016723633,13.929253578186035
98,Cristopher Sánchez,72.20691517152234,2024,,0.1356651484966278,,-7.2505621910095215,15.428921699523926,3.094977617263794,
99,Patrick Corbin,77.50476516760672,2019,-3.4903297424316406,,,6.8792009353637695,-2.9281299114227295,22.83954429626465,1.0666254758834839
100,Masahiro Tanaka,79.13764408753389,2016,-3.97745943069458,-1.4386801719665527,20.103910446166992,5.058396816253662,,4.974334716796875,-0.20931071043014526
101,Jack Flaherty,80.3541930388587,2019,23.48773193359375,,,10.065793991088867,-1.4706006050109863,17.3394718170166,-1.3869143724441528
102,Zack Wheeler,80.36403023702148,2019,14.534639358520508,,0.13741850852966309,-0.8819682598114014,-0.27909672260284424,6.937730312347412,1.1314709186553955
103,Pablo López,77.75345329806161,2023,1.8984397649765015,,,6.16335391998291,-1.080014705657959,5.824182033538818,3.7868854999542236
104,Corbin Burnes,78.28901675658273,2022,0.3870096206665039,27.349285125732422,,-7.1078996658325195,-1.7321490049362183,3.300262928009033,7.092228412628174
105,Garrett Crochet,64.01121617633447,2024,20.021228790283203,0.19619020819664001,,2.3398332595825195,-0.5054036378860474,-5.558802604675293,
106,Aaron Nola,73.95896357360701,2017,-3.5645546913146973,,,1.9543509483337402,1.6555153131484985,0.17425976693630219,17.861982345581055
107,Charlie Morton,75.63112026685475,2021,9.617569923400879,,0.5260218381881714,-4.570745944976807,,0.7556314468383789,27.40679359436035
108,Hunter Brown,75.4411741980055,2025,14.841262817382812,-3.5268783569335938,,8.992792129516602,1.9861677885055542,3.7980921268463135,9.355990409851074
109,Cole Hamels,85.74248573131862,2015,-0.5554015636444092,1.0341521948575974,,-0.2390146255493164,18.799094676971436,-0.03492240607738495,2.0576648712158203
110,Dylan Cease,76.4351286611867,2021,0.138061061501503,,,0.025202222168445587,0.4718492031097412,10.965934753417969,1.2548285722732544
111,Chris Archer,79.9716098373016,2017,-3.7086386680603027,,,0.09428223222494125,-2.618906021118164,19.083955764770508,0.04318779706954956
112,Mike Clevinger,55.39704718657499,2019,19.826204299926758,,,,-1.5835884809494019,8.324155807495117,-1.70408034324646
113,Sonny Gray,74.0304847631501,2019,-5.942991256713867,-0.5671443343162537,,9.828693389892578,1.4481598138809204,11.362028121948242,16.80689811706543
114,Max Scherzer,66.47804431958019,2022,14.65231990814209,-0.5642703771591187,,,-3.6427340507507324,16.827165603637695,1.9523776769638062
115,Logan Webb,75.60612075338547,2024,-0.5567831993103027,3.515399217605591,,17.984365463256836,-1.579699158668518,1.0948967933654785,
116,Framber Valdez,81.98769461427133,2023,-0.4800809621810913,0.014968682080507278,,12.914972305297852,3.4924850463867188,-0.2393767237663269,8.124471664428711
117,Aaron Nola,77.26865781773682,2021,2.232151746749878,0.9491151571273804,,3.7570698261260986,-0.1866161823272705,,5.13905143737793
118,James Paxton,60.29430403845631,2017,21.958345413208008,2.2708871364593506,,1.5245739221572876,-3.2220475673675537,0.05268123745918274,5.503265380859375
119,David Price,85.79641338429916,2016,-1.298775315284729,-3.9627885818481445,,0.5472899079322815,14.756467819213867,,-2.7257964611053467
120,Framber Valdez,77.8910499908171,2022,0.06453818082809448,,,7.670363426208496,4.062219142913818,9.144062042236328,9.022156715393066
121,Dylan Cease,75.57369725973689,2022,1.4642716646194458,,-3.846860647201538,,,35.21064376831055,-5.138467788696289
122,José Berríos,84.1982074901057,2019,7.200601100921631,,,4.813948154449463,0.2808420658111572,0.23270964622497559,-1.8343305587768555
123,Clayton Kershaw,72.46759347526603,2017,8.85678768157959,,,-0.3867909014225006,2.091959238052368,14.764345169067383,6.260996341705322
124,Jose Quintana,77.31162642921437,2015,-5.912306785583496,2.1694159507751465,,0.619962751865387,-8.371549606323242,,13.787105560302734
125,Noah Syndergaard,83.12765587160736,2019,0.5982206463813782,,,2.130617141723633,7.242626667022705,1.8576080799102783,2.516547441482544
126,Paul Skenes,60.78129464585918,2024,5.299466133117676,,,21.541067123413086,2.3632307052612305,2.2148842811584473,0.11616654694080353
127,Madison Bumgarner,83.28765376565897,2016,5.955251693725586,13.961395263671875,,0.21964207291603088,1.3850411176681519,,8.657941818237305
128,Jake Odorizzi,73.51039848578196,2019,12.252842903137207,1.5137275457382202,-1.5339884757995605,8.760575294494629,,2.0182743072509766,-2.40000581741333
129,Sandy Alcantara,81.59536458538336,2021,-0.7713077664375305,,,16.488393783569336,1.9531409740447998,7.0311808586120605,-2.6200289726257324
130,Lance Lynn,74.46373887472511,2021,17.902936935424805,6.36160945892334,,2.4168500900268555,0.3942769467830658,,-2.6030235290527344
131,Trevor Rogers,60.51791217017303,2021,12.257547378540039,,,,8.560242652893066,0.49032387137413025,
132,Miles Mikolas,82.10144427676556,2018,4.380790710449219,,,3.7839202880859375,-1.861599087715149,23.552024841308594,-0.7587519288063049
133,Logan Webb,79.40126647325386,2022,0.15771552920341492,-0.8081445097923279,,5.2329421043396,12.553550720214844,3.351807117462158,
134,Jon Lester,82.59777268030724,2016,20.076387405395508,19.11924171447754,,-2.6850123405456543,-0.6359189748764038,-0.037809256464242935,3.1458957195281982
135,George Kirby,81.47014440064717,2023,15.346475601196289,,1.8890421390533447,2.1865832805633545,-2.763401508331299,5.157444477081299,1.7480933666229248
136,Jordan Montgomery,82.90077327119688,2023,-2.4302303194999695,-2.1817057132720947,,15.354249000549316,1.3349709510803223,,5.416919827461243
137,Zack Wheeler,81.19749787684086,2018,2.194464921951294,,-1.271675944328308,22.806760787963867,1.3618521690368652,4.796585559844971,1.6058135032653809
138,Luis Castillo,80.10456188438387,2019,-3.4983084201812744,,,8.957541465759277,27.0844669342041,-0.45749136805534363,0.0
139,George Kirby,82.45627740856156,2024,2.663710117340088,0.08714507520198822,-6.098822593688965,12.126054763793945,,9.4185152053833,-4.381536960601807
140,Mike Clevinger,83.31952335256481,2018,1.2495253086090088,,,-0.10041549801826477,0.40633586049079895,12.657144546508789,7.0379958152771
141,Zac Gallen,79.21667624708655,2022,19.003536224365234,2.729311466217041,,-0.41872328519821167,5.5283074378967285,-0.12274812161922455,9.072208404541016
142,Yu Darvish,83.76192832719119,2022,7.395781993865967,-1.2019304037094116,2.484225034713745,2.6867780685424805,0.6897186636924744,15.247023582458496,4.34766960144043
143,Kyle Hendricks,77.72037147728172,2016,6.571038126945496,,,8.27689879015088,20.360606789588928,0.057122040539979935,1.413045883178711
144,Noah Syndergaard,69.97126770634708,2018,0.3648107647895813,,,4.057921409606934,1.5873477458953857,7.838566303253174,0.43058162927627563
145,Zack Wheeler,71.17571942813487,2022,14.38033676147461,,-0.7223172187805176,8.874743461608887,-1.7966978549957275,0.4198828935623169,-1.619847297668457
146,Mike Minor,89.18852425300628,2019,11.50067138671875,,,-0.5022264122962952,22.83820343017578,-9.64044189453125,-2.1507034301757812
147,Justin Verlander,86.5749668746625,2017,35.23789024353027,,,,-3.532556414604187,0.4657936096191406,-1.585036039352417
148,Jacob deGrom,82.60532171748721,2017,16.7185115814209,,,-1.2342135906219482,0.4920926094055176,9.977184295654297,0.21451836824417114
149,Lucas Giolito,84.99012175567135,2021,1.7481658458709717,,,,10.87627124786377,7.730185031890869,-0.746178150177002
150,Johnny Cueto,89.10381877061542,2015,10.508766412734985,0.1564481258392334,,7.488712549209595,-1.0299012660980225,-1.6669026613235474,-1.3155048191547394
151,Blake Snell,79.23193769999986,2023,1.2348006963729858,,,,15.362786293029785,2.8083105087280273,16.044111251831055
152,Kyle Hendricks,81.22342495517296,2019,10.573713302612305,,,2.5561227798461914,-0.908004105091095,,2.342184066772461
153,Ranger Suarez,75.95958696350215,2025,-0.9321592450141907,2.123110294342041,,0.8122205138206482,3.860654592514038,0.29636523127555847,7.150337219238281
154,Zack Wheeler,71.12161839997447,2025,12.806697845458984,-1.1031997203826904,2.7581212520599365,-1.431337833404541,,9.971453666687012,2.9573121070861816
155,Germán Márquez,79.2442761322172,2018,-5.058274745941162,,-0.08625312149524689,1.151930332183838,-3.332937240600586,12.104061126708984,4.608659744262695
156,Logan Webb,66.59141847084996,2021,-0.9923091568052769,-0.2864799350500107,,10.818822920322418,3.2083797305822372,,11.488247733563185
157,Kyle Freeland,85.58664624554261,2018,12.752758026123047,1.3568159341812134,,3.520685911178589,-0.9048968553543091,2.424874782562256,
158,Logan Gilbert,82.62183862635742,2024,12.776670455932617,0.43777063488960266,5.617900848388672,0.3670482635498047,,16.191661834716797,2.8946657180786133
159,Kevin Gausman,80.58841082211899,2025,21.25816535949707,,9.198373794555664,0.3151838779449463,,-3.8980560302734375,
160,Tyler Anderson,81.87096937811094,2022,7.604336619377136,8.570168018341064,,-1.9353392124176025,15.266442894935608,,-0.05614394322037697
161,Matt Harvey,79.08166845069455,2015,16.48773765563965,0.07760749757289886,,,0.922648549079895,7.7889485359191895,2.67545747756958
162,Jose Quintana,83.48276149604159,2017,19.131980895996094,-0.09782077372074127,,-10.199078559875488,1.5919806957244873,,-0.63517165184021
163,Michael Soroka,78.47799216723553,2019,4.715425491333008,,,15.752401351928711,5.857997417449951,9.195635795593262,
164,Frankie Montas,81.23936371522049,2021,4.868804931640625,0.56776362657547,11.590269088745117,4.100552558898926,,-3.5808613300323486,
165,José Berríos,82.10591349283285,2021,-3.038464605808258,,,13.66341757774353,4.145300030708313,,1.4845439791679382
166,Freddy Peralta,72.7923750289562,2021,19.68410874903202,,,-1.834983468055725,-2.333114504814148,8.268289104104042,5.708226077258587
167,Tyson Ross,78.36115583752236,2015,-1.2070395946502686,2.1952152252197266,,-9.894251823425293,-0.14829537272453308,22.242271423339844,
168,Jose Quintana,75.66368012472893,2022,15.911453247070312,-0.16471967101097107,,4.022634148597717,-10.103342771530151,,10.434510707855225
169,Framber Valdez,81.22135769883262,2025,-1.804537296295166,0.3431159257888794,,16.85178565979004,1.1433324813842773,0.6179534196853638,-0.24748964607715607
170,Stephen Strasburg,70.91740988186731,2016,10.642292976379395,,,0.03881048783659935,5.7443461418151855,4.445641040802002,1.4163023233413696
171,Sonny Gray,86.58255193117309,2015,3.647671937942505,0.6513150930404663,,11.122570037841797,2.2443623542785645,9.267915725708008,5.3450798988342285
172,Michael King,82.8039383625194,2024,-1.0407672822475433,,,4.814738392829895,12.04667043685913,-1.2149812579154968,
173,Eduardo Rodriguez,77.25886546344492,2021,2.7147995829582214,-8.22098559141159,,-1.3510395288467407,2.9649995863437653,-0.352762907743454,
174,Alek Manoah,84.62376694996253,2022,14.54181957244873,,,9.677987098693848,2.504173517227173,4.871475696563721,
175,Robbie Ray,86.77569190252194,2021,13.550141334533691,,,-0.03055700659751892,-2.1685283184051514,9.534412384033203,-1.5891590118408203
176,Adam Wainwright,87.56967356696862,2021,-4.224358558654785,2.06693696975708,,18.06277847290039,0.3663402795791626,,14.086068153381348
177,Rich Hill,57.91095944935735,2016,12.473021984100342,,,-0.024057164788246155,1.1338180750608444,-1.2351210117340088,16.916316986083984
178,Kyle Bradish,76.46668978860822,2023,,-6.018869400024414,,9.24441146850586,-1.6475191116333008,14.878064155578613,18.00826644897461
179,Jameson Taillon,85.474057835725,2018,3.4188473224639893,-0.036135897040367126,,10.056783676147461,-4.134581089019775,4.10806131362915,3.0974836349487305
180,Corbin Burnes,86.68333260355075,2024,,18.6807861328125,,-1.6399939060211182,0.6630598902702332,4.0347371101379395,2.1094541549682617
181,Martín Pérez,81.2368478104948,2022,1.8003915548324585,9.978894233703613,,5.714313983917236,4.296582221984863,1.3360357284545898,-4.297460556030273
182,Tyler Mahle,84.83830239149299,2021,4.714917182922363,-3.053659200668335,7.636525630950928,,,,
183,Tanner Houck,80.75112316160575,2024,0.0,-0.7651427984237671,,6.756544589996338,11.305614471435547,6.437187194824219,
184,Clayton Kershaw,63.84105915810163,2022,10.937772750854492,,,-0.5891700983047485,-1.734350323677063,10.436389923095703,5.544363975524902
185,Tyler Glasnow,70.41302607943219,2024,8.766263961791992,,,1.2579265832901,,6.677065372467041,7.044440746307373
186,Luis Castillo,83.65373385548244,2021,-4.897738933563232,,,-6.130743026733398,5.751158237457275,9.012991905212402,
187,Jesús Luzardo,81.09739213439849,2023,10.190855979919434,0.15698105096817017,,1.491453766822815,-0.6196674108505249,-2.3465805053710938,
188,Marcus Stroman,82.6062205119977,2019,-3.923480987548828,-2.994468480348587,,-2.011878490447998,0.16151952743530273,21.615845203399658,-0.013176649808883667
189,Andrew Abbott,85.41956326463809,2025,12.023746490478516,-2.6926517486572266,,,4.429232120513916,3.0691254138946533,-0.3648861348628998
190,Sonny Gray,78.82003098821177,2024,-0.0023565851151943207,1.5519278049468994,,7.59418249130249,-3.821031093597412,4.167919635772705,2.263256072998047
191,Aaron Nola,90.38747202172513,2023,-0.21845415234565735,0.9150976538658142,,3.3362338542938232,0.01459566131234169,,4.6036505699157715
192,Mike Foltynewicz,83.67006798019004,2018,7.548991680145264,0.26188308000564575,,-5.600937366485596,1.7854801416397095,23.04850959777832,2.962960720062256
193,Gio Gonzalez,89.12298546410534,2017,11.745513916015625,,,0.5429612398147583,15.143098831176758,-0.0449310839176178,4.840134143829346
194,Jeff Samardzija,88.5568294351275,2017,-2.9394683837890625,0.3525694012641907,-2.9181439876556396,0.8456940650939941,0.04318779706954956,9.460089683532715,1.9596657752990723
195,Max Fried,78.85230068497401,2021,10.479622840881348,,,2.3816089630126953,0.5176649689674377,3.975830316543579,7.973339080810547
196,Nestor Cortes,76.6909456814578,2022,24.299753189086914,10.131345748901367,,,-1.2259774208068848,-0.027746301144361496,-0.37344881892204285
197,Michael Wacha,86.43743258810292,2025,2.4525179862976074,2.7337660789489746,,-5.765077590942383,16.382972717285156,-1.0287295579910278,-0.9754658937454224
198,Nathan Eovaldi,66.00843767564302,2025,-0.9661813378334045,11.967520713806152,12.078431129455566,4.206436634063721,,-1.3809765577316284,7.5480732917785645
199,Patrick Sandoval,76.13717336351233,2022,-8.31998348236084,,,6.245620250701904,-2.3096954822540283,14.309097290039062,1.3713363409042358
200,James Paxton,77.59604325825038,2018,14.492531776428223,8.056994438171387,,-1.497782826423645,-0.33539772033691406,,0.9021992087364197
201,Eduardo Rodriguez,85.52750763482331,2019,4.365466117858887,0.9701949954032898,,5.916686058044434,7.317814826965332,-3.8838613033294678,
202,Nick Pivetta,85.18029592600641,2025,19.57090187072754,4.003786087036133,0.09336896240711212,-0.650117814540863,,5.850178241729736,4.048710346221924
203,Alex Cobb,73.34713183214555,2022,0.0630229264497757,,4.626019477844238,4.449050426483154,,,0.8159744143486023
204,Luis Castillo,75.8083981873279,2022,18.073026657104492,-0.2359662503004074,,1.5543312430381775,-6.212262809276581,6.6354146003723145,
205,Shelby Miller,91.33546993210818,2015,8.684513092041016,13.065861701965332,,-3.438798666000366,-0.7202963829040527,0.45571935176849365,-1.6899762153625488
206,Yu Darvish,85.1981852398977,2017,-1.2206671237945557,3.6990910172462463,0.23596841096878052,-1.5503922700881958,0.23513412475585938,13.029999256134033,-0.4998751524835825
207,Gio Gonzalez,79.6152019245599,2015,9.011829376220703,,-0.08750537037849426,-4.787264347076416,3.8704400062561035,-0.08750537037849426,-2.1909186840057373
208,Bryan Woo,85.95291618781899,2025,25.983293533325195,,,8.530525207519531,-2.7654757499694824,1.5273200273513794,
209,Michael Fulmer,82.51607489462948,2017,4.163069248199463,,,12.405899047851562,1.1589243412017822,3.7447006702423096,-0.8097079396247864
210,Chris Sale,66.3152786920202,2025,-4.673347890377045,,,4.524179078638554,-3.2465075850486755,18.766619324684143,
211,Blake Snell,71.03050880038334,2022,2.237656593322754,,,,-1.8158295154571533,11.187610626220703,-0.7570030689239502
212,Shane McClanahan,77.97490214292398,2022,3.0553600788116455,,,,19.71477508544922,0.08946038782596588,12.728851318359375
213,Hunter Greene,82.60765925153044,2024,22.155658721923828,,-1.6563239097595215,,-0.0350487045943737,5.386206150054932,-1.137058138847351
214,Framber Valdez,79.73558752589204,2024,0.010438382625579834,-0.29131239652633667,,16.11471939086914,2.6157844066619873,-0.452526330947876,13.316679000854492
215,Yusei Kikuchi,83.86499693897983,2024,-1.1614995002746582,,,,-0.4808685779571533,7.813097238540649,1.3415970131754875
216,Marco Gonzales,93.05686038351838,2019,3.682725429534912,-0.7147911190986633,,2.020345687866211,5.9225077629089355,,-2.039464235305786
217,Chris Sale,75.17200651166148,2019,0.5966444611549377,,,3.1999824047088623,4.5275092124938965,6.942986965179443,
218,Danny Duffy,80.17766707031491,2017,-0.5093989372253418,,,1.7551445960998535,7.197747707366943,4.22674036026001,-1.4621503353118896
219,Sonny Gray,83.89032335788762,2025,-6.330751895904541,-0.8645337820053101,,-2.930821180343628,-5.47734260559082,7.659922122955322,6.356607437133789
220,Dylan Cease,84.50315934375769,2023,-1.7554665803909302,,0.9884864687919617,,,5.0411601066589355,-9.119478225708008
221,Reynaldo López,73.37014591546935,2024,14.064091801643372,,,,-2.963695764541626,9.100654542446136,3.815969467163086
222,Michael Pineda,79.5837919573427,2015,-6.617681980133057,,,0.1009165421128273,-1.6120167970657349,4.539342403411865,
223,Brandon Woodruff,76.8849896508422,2022,6.335345268249512,,,4.5155205726623535,3.010103225708008,2.1238908767700195,-0.19359995424747467
224,James Paxton,66.70773023346834,2016,-2.70418643951416,9.637018203735352,,3.993720531463623,-5.354231834411621,0.022076208144426346,1.824999213218689
225,Freddy Peralta,88.78806707625967,2025,12.719581604003906,,,,8.5621976852417,3.3439388275146484,2.72615647315979
226,Clayton Kershaw,86.80512410160226,2019,14.354385912418365,,,-0.029921285808086395,-0.22829562425613403,13.95018395781517,1.638912558555603
227,Jon Gray,82.01253092407318,2016,-9.102408409118652,,,0.2155529260635376,1.3631888628005981,15.826057434082031,0.44889140129089355
228,Collin McHugh,88.95751978225051,2015,-1.2081276178359985,-0.15570688247680664,,0.0372450090944767,-0.8609305024147034,0.33958950638771057,7.191187381744385
229,Matt Shoemaker,83.56346360959017,2016,-2.1967368125915527,-0.1012222021818161,12.702347755432129,-6.843381404876709,0.053064942359924316,0.6581690907478333,-1.3092477321624756
230,John Lackey,92.97837355448813,2015,13.213982582092285,,,11.643993377685547,-0.21566373109817505,-2.1152384281158447,2.2278454303741455
231,Ranger Suarez,80.90398535957469,2024,3.507327079772949,-3.271658420562744,,5.858084678649902,-2.4383740425109863,-1.2121822834014893,5.0812602043151855
232,Antonio Senzatela,80.44029336736071,2021,7.425200939178467,,,,-1.0857892036437988,-6.516461372375488,0.07941539585590363
233,Ervin Santana,88.04905190824087,2016,13.863917350769043,-0.19447454810142517,,4.967787742614746,-7.455768585205078,7.544792652130127,
234,Aaron Sanchez,83.06621838902018,2016,2.3453471660614014,-1.2210408449172974,,18.28124237060547,1.915735125541687,0.11102937161922455,1.7712287902832031
235,Jose Quintana,85.53236720416255,2019,0.8539491891860962,,,5.006030112504959,-10.108519673347473,,-1.6237087845802307
236,Marco Gonzales,82.22495326211904,2018,-0.2765977382659912,1.5036258697509766,,0.6771899461746216,0.1799846738576889,0.13747234642505646,5.253365993499756
237,Stephen Strasburg,73.49397022473619,2015,7.468663215637207,,,-0.5123123526573181,2.4742605686187744,-2.2169222831726074,2.7358603477478027
238,Jake Arrieta,85.31619627156066,2016,2.0882058143615723,,,29.203956604003906,1.8014336824417114,1.4633697271347046,0.22224976122379303
239,James Paxton,83.13790566351011,2019,4.984688758850098,-2.1031389236450195,,-0.20086663961410522,0.9074916839599609,,6.91729736328125
240,Marcus Stroman,83.22237621721575,2021,-0.5069628357887268,6.483634948730469,-0.06526407599449158,7.106319427490234,2.9802818298339844,5.185083389282227,0.47826337814331055
241,Zack Godley,77.96336894464109,2017,0.08637559413909912,4.805000949651003,,-3.3179853558540344,0.42814361304044724,-0.03969336673617363,21.107861161231995
242,Germán Márquez,86.16667419519595,2021,3.4087324142456055,,,3.9649484157562256,-1.5677374601364136,-0.9011383652687073,5.5987229347229
243,Kodai Senga,83.5169603447115,2023,2.200237274169922,17.461467742919922,6.62706995010376,,,-3.2883517742156982,-0.6465815305709839
244,Triston McKenzie,92.1296685868967,2022,20.50758484005928,,,,,-5.452105760574341,13.380196616053581
245,Aaron Nola,88.59691314283113,2019,-4.690165042877197,,-0.03891072794795036,-1.2148171663284302,5.142044544219971,,15.628376960754395
246,Matthew Boyd,89.85493794389178,2025,12.304248809814453,,,-0.44693616032600403,10.63431167602539,0.6740356087684631,-2.5763323307037354
247,Clayton Kershaw,69.41788795328443,2021,-2.350036859512329,,,0.3463161289691925,-0.08996310830116272,17.134246826171875,-0.09192144870758057
248,Michael Wacha,88.1867890457185,2024,2.7002503871917725,-3.7258825302124023,,1.6927993297576904,18.933422088623047,-5.27802038192749,-3.486150026321411
249,Gerrit Cole,85.23111344489787,2022,11.57646656036377,1.3438920974731445,,,-1.1894599199295044,9.389198303222656,-1.2022430896759033
250,Dylan Cease,86.72384009430358,2025,-2.441819667816162,-0.4182906746864319,0.4730831980705261,-1.64212167263031,,8.310887336730957,-4.625746726989746
251,Joe Musgrove,90.58378651361572,2022,6.29633092880249,7.72974157333374,,2.0885534286499023,0.6881106495857239,-1.8922629356384277,-0.962849497795105
252,Max Fried,83.6020655277236,2024,2.4243946075439453,4.448644161224365,,4.951578617095947,6.268060684204102,0.3223942816257477,8.031194686889648
253,Kris Bubic,68.00193633017106,2025,6.146882057189941,,,-1.461371898651123,5.735339641571045,8.864825248718262,
254,Marcus Stroman,87.56724567486862,2017,-5.045836925506592,-2.537355661392212,-0.0449310839176178,12.274934768676758,3.67578125,8.52730655670166,2.0089046955108643
255,Kyle Hendricks,93.99429377805608,2018,0.8188512921333313,0.06272517889738083,,3.9989302158355713,16.43820571899414,,-6.3836541175842285
256,Corbin Burnes,86.93543717063773,2023,-0.2641211748123169,26.43772315979004,,-5.9151506423950195,3.6823043823242188,2.770784854888916,7.268909931182861
257,Gerrit Cole,94.63884506086895,2017,5.405566692352295,-0.03969336673617363,,-2.561729907989502,3.640835762023926,-0.6368865370750427,-2.6071298122406006
258,Justin Verlander,89.15882189043113,2023,11.561440467834473,,,,-0.27365946769714355,6.394512176513672,2.2158777117729187
259,Jeremy Hellickson,94.51837657632598,2016,-1.647514820098877,-3.6852359771728516,,-0.7105893492698669,13.896657943725586,-0.1901680827140808,4.186364650726318
260,Jacob deGrom,86.64578660065706,2025,19.390748977661133,,,,0.6428349614143372,8.704549789428711,1.3931549787521362
261,Cristian Javier,80.53508011134174,2022,21.625969648361206,,,,-3.4633408784866333,10.952770233154297,-1.432651937007904
262,Clayton Kershaw,79.20365737021281,2018,0.14702041447162628,,,-0.0955304279923439,0.04268423467874527,16.37161636352539,4.269096851348877
263,Jack Flaherty,83.63478682945643,2024,5.975080490112305,,,-1.3821280002593994,-1.7754048854112625,0.009107112884521484,12.320047378540039
264,Erick Fedde,94.07660780439323,2024,-2.2850247025489807,6.442472577095032,,4.986850470304489,-2.943482995033264,7.485746145248413,
265,Trevor Rogers,66.94486768439866,2025,17.210336685180664,,,1.0367066860198975,6.480432987213135,7.72181510925293,
266,Germán Márquez,87.11947423477531,2019,6.638040065765381,,,-0.33674541115760803,-4.780649185180664,-7.358301162719727,14.218522071838379
267,MacKenzie Gore,85.77227423032042,2024,-0.007095951586961746,,,,-3.7333226203918457,-2.997044324874878,3.0801401138305664
268,Nick Martinez,76.46231844683471,2024,2.639582246541977,5.754520416259766,,3.568754903972149,8.25227665901184,-0.4091418385505676,-3.90322208404541
269,Clay Buchholz,67.19920578763752,2015,3.4793412685394287,7.968080043792725,0.3061501383781433,-8.188745498657227,5.236020088195801,,0.33386319875717163
270,Jon Gray,69.50807796749305,2017,-3.970186233520508,,,-0.03969336673617363,-1.0174511671066284,10.316269874572754,1.1845591068267822
271,Chris Bassitt,80.487726126503,2021,2.8364479541778564,0.6777625679969788,,14.142036437988281,2.649085521697998,2.485194683074951,1.6850403547286987
272,Cole Hamels,90.2838964496622,2016,2.070868492126465,-1.0839893817901611,,4.6991376876831055,1.4788203239440918,,3.092205047607422
273,Robbie Ray,85.01974652670329,2017,17.695608139038086,,,-4.470293045043945,-2.0434844493865967,4.040506839752197,8.047013282775879
274,Joe Musgrove,86.31416885230507,2019,-6.014772057533264,-0.21483003720641136,,-2.1093379855155945,1.1827729940414429,10.29042873904109,0.9404565542936325
275,Marcus Stroman,86.91920830164112,2016,-2.4304964542388916,3.5871498584747314,,4.784148693084717,-3.7888264656066895,2.2276499271392822,2.1593167781829834
276,Carlos Martinez,83.83886228125324,2015,-11.510975807905197,-1.2595207691192627,,9.889165431261063,6.480618238449097,8.35465969890356,0.0
277,Tanner Roark,91.65079989218509,2016,5.16861429810524,0.5412465333938599,0.057122040539979935,8.695164859294891,9.035558700561523,5.804203987121582,3.684017777442932
278,Joe Musgrove,88.16511046938268,2021,-2.48906934261322,-1.8794107735157013,,-3.2374693155288696,-1.5814892947673798,17.700347423553467,14.48886388540268
279,Francisco Liriano,83.53051434081748,2015,2.6629624366760254,,,-6.182783603668213,4.41781759262085,23.25022315979004,
280,Robbie Ray,89.96988773943326,2016,9.672754287719727,,,-9.183906555175781,-10.560364723205566,-0.4912048578262329,0.36368823051452637
281,Tanner Bibee,88.08979086519805,2024,-8.502043724060059,,,-0.1265881508588791,0.6720856428146362,10.818554878234863,0.30013924837112427
282,Carlos Rodón,88.16408208566791,2025,9.317724227905273,0.2543638348579407,,6.172061443328857,6.805476665496826,13.550165176391602,-2.251336097717285
283,Madison Bumgarner,92.29866199091688,2019,4.510451793670654,4.215060710906982,,0.37437066435813904,2.0485384464263916,0.05465850979089737,9.44302749633789
284,Luis Castillo,92.79271581467128,2023,18.87093162536621,,,3.2361907958984375,-8.050315856933594,-0.86658775806427,
285,Brandon Woodruff,67.31254244522849,2019,14.569140434265137,,,10.21672248840332,-3.041942834854126,1.4246357679367065,-1.298943042755127
286,Sean Manaea,87.94549361759559,2021,,,,-2.690119743347168,9.323323249816895,-1.7831857204437256,
287,Jordan Montgomery,85.43679370851274,2021,-1.4897655248641968,-3.1319403648376465,,-4.881063938140869,13.269110679626465,,6.7997918128967285
288,Trevor Bauer,95.3134081957104,2019,-4.501566529273987,1.94274041056633,,2.5229344367980957,-2.77753746509552,-1.1341948956251144,6.448919892311096
289,Brandon Pfaadt,91.11121798021397,2024,3.9138410091400146,,0.07225396484136581,-0.9956769943237305,2.580789566040039,-0.6026269793510437,-1.9530837535858154
290,Julio Urías,91.68941060430265,2022,16.921043395996094,,,,-0.1733146607875824,,8.346756935119629
291,Masahiro Tanaka,91.74885171001924,2019,-9.488439440727234,-1.1287016198039055,-4.387447819113731,-2.4650127589702606,,22.9405098259449,-0.7250350117683411
292,Mitch Keller,87.1663986687112,2023,7.004103183746338,-0.6825626492500305,,10.284685134887695,-2.5972824096679688,-2.2559003829956055,-4.850128650665283
293,Aaron Nola,94.51035616004532,2024,7.393328666687012,-7.487402439117432,,-2.484860897064209,-5.138648986816406,,9.837336540222168
294,Brad Peacock,70.62794449288096,2017,6.788863658905029,,,6.316467225551605,1.3865309953689575,11.781314015388489,-4.592737644910812
295,Kyle Hendricks,86.25249813882701,2015,-5.646444320678711,-2.9784703254699707,,10.684975624084473,9.071297645568848,,1.238092303276062
296,Tyler Glasnow,69.92027710528392,2023,4.386252403259277,,,,0.14527325332164764,9.71540355682373,5.98581075668335
297,Michael Pineda,85.59627683220289,2016,-25.5784969329834,,,0.042132504284381866,-1.5254088640213013,17.788232803344727,-0.03812279924750328
298,Carlos Martinez,92.5023034192773,2017,1.4851624965667725,,,1.9488270282745361,-3.8269107341766357,13.45340633392334,0.03526053950190544
299,Nathan Eovaldi,81.50021694423899,2015,-2.5736629962921143,0.6980135440826416,9.681571960449219,0.0372450090944767,0.2450832575559616,-2.3261730670928955,-0.4803086221218109
300,Dallas Keuchel,89.13391783226594,2018,2.2306010723114014,5.617645263671875,,5.3662848472595215,-0.6691159009933472,-7.43652868270874,
301,Carlos Martinez,88.4382310016598,2016,10.660517692565918,,,11.346467971801758,-0.78815758228302,6.124392032623291,-0.34051641821861267
302,Matthew Boyd,94.35710380519711,2019,3.134274482727051,,,-4.967921733856201,-2.240159749984741,10.103861808776855,-3.9367711544036865
303,Lance McCullers Jr.,83.51654786632858,2021,-0.12290503829717636,-0.6777618527412415,,-3.0851597785949707,-1.2670279741287231,9.971139907836914,12.064435958862305
304,Merrill Kelly,94.61703339389396,2022,8.733342170715332,2.6979947090148926,,5.476413726806641,0.5329791307449341,0.19053640961647034,-0.9054535031318665
305,Merrill Kelly,92.11515336449939,2025,-0.5602357387542725,12.002268552780151,,-8.26130986213684,8.292109489440918,5.0376973152160645,-0.9792025089263916
306,Jameson Taillon,80.69029308595105,2017,-2.3838796615600586,,,-0.3138606548309326,-1.1572469472885132,0.019023217260837555,-0.5413714647293091
307,Merrill Kelly,90.94140740930344,2023,0.20475074648857117,5.684970378875732,,2.976119041442871,15.460016250610352,-0.24733899533748627,-1.4522801637649536
308,Chase Anderson,82.23528554079024,2017,3.704192638397217,-0.8818181753158569,,4.499818325042725,7.534635543823242,,6.156320095062256
309,John Means,90.85444312676104,2019,2.9254477620124817,,,0.06530402600765228,14.958693027496338,3.2647804021835327,-4.758212123066187
310,Alex Wood,78.32848136937876,2017,0.04318779706954956,,0.04318779706954956,7.056960582733154,16.061233341693878,4.075072556734085,0.862774670124054
311,David Peterson,84.98126295371307,2025,-5.962482452392578,,,5.36313009262085,6.111540794372559,-2.3433847427368164,5.447188854217529
312,Anthony DeSclafani,92.64086870768459,2015,0.782759428024292,0.7688332200050354,,1.41819429397583,0.9703062772750854,0.699887752532959,-1.3894333839416504
313,Justin Verlander,84.91831614523608,2015,8.421576499938965,,,,0.7669529914855957,3.5074403285980225,1.2726331949234009
314,Pablo López,89.84396555014524,2024,20.20746612548828,,,-5.5222344398498535,-0.6585758924484253,-5.549283504486084,-3.7556912899017334
315,Hunter Brown,88.23915997309636,2024,-0.2548607885837555,4.546032130718231,,5.565840259194374,3.7363617420196533,-0.062141478061676025,-2.855421543121338
316,J.A. Happ,86.66069651939688,2015,19.309835016727448,,,-6.031826853752136,-3.3520125970244408,-1.1692877039313316,-0.48083798587322235
317,Michael Wacha,86.0379527062889,2017,5.671872138977051,-2.847583293914795,,,-0.19879087805747986,0.05268123745918274,3.56111216545105
318,Walker Buehler,75.46694630325268,2018,9.526175498962402,4.2341970801353455,,4.120728701353073,-3.3309221267700195,6.447338163852692,1.5978503227233887
319,Nestor Cortes,91.43299876947866,2024,3.8649827241897583,10.394131124019623,,,-2.532292127609253,-5.910834908485413,
320,Michael Fulmer,87.24471489848744,2016,-0.8536596298217773,-0.07624559849500656,,10.023252487182617,10.514728546142578,1.6605561971664429,0.04207627847790718
321,Shota Imanaga,93.24384052991263,2024,5.63534688949585,-1.1282130479812622,11.189702987670898,-0.09631112217903137,0.47133269906044006,0.3001081049442291,-0.49607327580451965
322,Corey Kluber,92.95853597565674,2022,0.793196439743042,5.762678623199463,,-9.55275821685791,3.167048692703247,-4.744805335998535,
323,Kevin Gausman,93.4982833205451,2016,11.17520809173584,,3.86425518989563,-0.21055394411087036,-0.9705889225006104,-0.49838393926620483,-7.19214391708374
324,Charlie Morton,79.83910754589185,2017,2.0847275257110596,-3.3472628593444824,-2.3104047775268555,-3.550823450088501,,0.04318779706954956,16.178741455078125
325,Blake Snell,62.577807326183525,2024,9.479344367980957,,,,2.887631893157959,0.23191505670547485,10.3893461227417
326,Jordan Zimmermann,97.86045714467373,2015,-7.192668914794922,,,0.24294328689575195,-0.27545347809791565,12.439896583557129,5.611227035522461
327,Joe Ryan,84.65977425667404,2024,14.101360321044922,0.08034300804138184,,-1.2025190591812134,1.19037663936615,-0.6178985834121704,
328,José Berríos,92.33402765537892,2018,7.78294563293457,,,6.366085529327393,-4.555989742279053,-0.19783438742160797,2.2846903800964355
329,Luis Garcia,86.1508346655006,2021,-1.7835090160369873,9.249082952737808,,,-0.21055418252944946,7.1590416431427,-0.6727285832166672
330,Eduardo Rodriguez,85.356874414492,2023,7.70325231552124,2.5588698387145996,,1.6355507373809814,3.1099648475646973,5.189447402954102,
331,Kyle Gibson,88.96313161955797,2021,-0.3018496036529541,5.0183394849300385,,1.5612696409225464,2.402551293373108,3.279027536511421,4.616132952272892
332,Braxton Garrett,84.04473350296378,2023,-2.83402681350708,6.6027302742004395,,7.8976303189992905,1.6255559585988522,3.5374258160591125,-9.925650835037231
333,Jeffrey Springs,78.88432714369796,2022,1.5934922099113464,,,,10.645590782165527,5.426940143108368,
334,Logan Gilbert,90.66666568244973,2022,9.600351333618164,,,-0.9194821119308472,1.4183578491210938,-2.1055691242218018,1.5114752054214478
335,Wade Miley,88.54232107946437,2021,3.2806942462921143,-0.916043221950531,,-0.9539086222648621,3.116562604904175,0.4601207375526428,-1.5898233652114868
336,Patrick Corbin,93.11268529322518,2017,-12.038465857505798,-0.4960142970085144,,-6.704068452119827,-6.919285137206316,12.722447097301483,0.2853828966617584
337,Tanner Bibee,83.0563634981232,2023,6.522071838378906,,,,4.112575531005859,8.364105224609375,-2.244274616241455
338,Anthony DeSclafani,88.96134195053449,2021,6.129644870758057,,,9.327247619628906,1.4874762296676636,7.66698694229126,-0.5179823040962219
339,Joe Ryan,90.20681185700353,2025,19.967386960983276,,,-0.24986064434051514,-7.006520390510559,-1.6948355957865715,0.8689637631177902
340,Danny Salazar,89.14706412041032,2015,-2.1682145595550537,-0.6443608403205872,,1.3035880327224731,18.64067268371582,-5.437244415283203,-0.4903873801231384
341,Sandy Alcantara,91.9915675298801,2023,0.023798517882823944,,,11.982189178466797,-3.1785120964050293,3.7222888469696045,-0.09836173057556152
342,Julio Teheran,91.90592105818016,2016,7.836940288543701,,,0.7807357311248779,4.534600257873535,10.077506065368652,2.2047812938690186
343,Miles Mikolas,99.64954268709603,2023,-0.9967977404594421,,,-13.01037883758545,4.852067470550537,5.312725067138672,-5.977686405181885
344,Logan Gilbert,93.7528436339972,2023,-0.7031409740447998,,1.5801820755004883,-0.12733541429042816,,15.507623672485352,1.5123140811920166
345,Justin Steele,81.27583956554477,2024,,5.512768745422363,,-0.41846609115600586,0.1746399700641632,10.963142395019531,1.239033579826355
346,Ranger Suarez,62.12454426565447,2021,7.100632011890411,,,18.36548376083374,5.031113862991333,1.6671733260154724,
347,Ross Stripling,78.59867417220528,2022,2.1252301931381226,,,2.9530595541000366,3.8044602274894714,7.3919373229146,-1.3405426293611526
348,Freddy Peralta,87.70725971763265,2023,13.140669822692871,,,0.1954479217529297,0.631097674369812,2.642681837081909,0.2996777892112732
349,Max Fried,84.46800964600232,2019,1.413370504975319,,,-0.3885027766227722,-3.0586727783083916,6.63852658867836,2.021904468536377
350,Pablo López,93.06611256706927,2022,2.8561415672302246,-3.895535707473755,,1.1710237264633179,4.158795356750488,,2.3862998485565186
351,MacKenzie Gore,89.16647800874102,2025,1.544877529144287,-1.057286262512207,,,-6.370660305023193,5.163113117218018,0.05909443274140358
352,Chris Flexen,93.28748883028503,2021,3.9634311199188232,0.7797055840492249,,,6.234630584716797,,-1.4179655313491821
353,Lance Lynn,89.79084619830796,2015,21.3126277923584,-0.29260361194610596,,-3.745455026626587,-2.2808001041412354,,-2.985374927520752
354,Jerad Eickhoff,99.53510279505156,2016,3.4582202434539795,,,-9.09130859375,-1.6192784309387207,3.4403817653656006,7.742528438568115
355,J.A. Happ,92.67543505035682,2018,18.862356185913086,0.06272517889738083,,-2.56121164560318,-1.5656500458717346,3.6253647804260254,-3.6654300689697266
356,Drew Pomeranz,92.0261317216202,2016,7.414340555667877,4.675777286291122,,-2.4169695377349854,2.681291401386261,,4.4832257479429245
357,Drew Rasmussen,84.65294261397446,2022,8.02865219116211,12.103103637695312,,2.2353150844573975,,-4.753561973571777,-0.15209834277629852
358,Kevin Gausman,91.1789299853341,2024,6.852249622344971,,4.462001800537109,-4.823215007781982,,-2.8683159351348877,
359,Drew Pomeranz,88.29960939049212,2017,12.095194816589355,-4.706779479980469,,-5.465996742248535,-0.059577472507953644,0.019023217260837555,7.08642053604126
360,Shohei Ohtani,80.24137220417315,2021,-6.707494258880615,1.8808495998382568,14.178671836853027,0.04113776981830597,,10.449851036071777,-1.8800904750823975
361,Brady Singer,90.6001236259415,2022,-0.08413065969944,,,8.138987600803375,-0.7260209061205387,4.58437916636467,
362,George Kirby,78.17767110681673,2022,16.819318771362305,,,0.9321104884147644,-2.0197203159332275,-8.381858825683594,-2.196237564086914
363,José Berríos,91.86513930503713,2023,4.063755989074707,,,6.004467964172363,-2.2570273876190186,2.688730001449585,
364,Mike Leake,92.03971659107553,2017,,14.199543952941895,,2.1234872341156006,-3.6107274293899536,3.5583560466766357,-8.872566223144531
365,Chris Archer,92.50787560058711,2016,-13.714375495910645,,,,2.6454691886901855,21.79413414001465,
366,Jacob deGrom,81.97896419910727,2016,-1.2459092140197754,,,6.269693374633789,-0.5451406836509705,9.836247444152832,-1.3689790964126587
367,Bobby Miller,77.95025736207509,2023,2.6969687938690186,,,10.659743309020996,1.8544894456863403,-3.412081003189087,4.53016471862793
368,Kenta Maeda,88.33660736814939,2016,9.998372077941895,,,-4.271771430969238,3.8254024982452393,19.204967498779297,-4.6024346351623535
369,Zac Gallen,85.39569114750469,2024,-6.3536248207092285,0.2788599133491516,,,1.8615761995315552,-2.5373191833496094,15.88340950012207
370,Danny Duffy,91.62652859596454,2016,6.823604106903076,,-0.037809256464242935,-4.201149046421051,6.252843528985977,5.018858432769775,-0.2872278094291687
371,Andrew Heaney,93.40853443266732,2018,0.3779860734939575,,,-2.478942394256592,8.726905822753906,0.0609566792845726,0.9534629583358765
372,Steven Wright,89.71270669403789,2016,2.5479187965393066,,,2.7645959854125977,0.8621073365211487,,2.298863649368286
373,Adam Wainwright,93.36352246457537,2022,-1.9622797966003418,1.8252408504486084,,-0.9865943193435669,0.013411067426204681,-0.08407707512378693,4.890205383300781
374,John Lackey,92.23201322540324,2016,4.505202770233154,,,-3.4894673824310303,-0.5624082088470459,24.24835205078125,0.037687867879867554
375,Luis Severino,92.7636531510818,2025,-1.1108133792877197,2.404951572418213,,3.2717885971069336,-6.44352388381958,0.7082111835479736,0.22196359932422638
376,Jake Odorizzi,91.45740366131227,2015,8.314770698547363,1.1432411670684814,0.29420939087867737,-0.6659684181213379,-0.03492240607738495,-3.2933971881866455,-1.464013695716858
377,Homer Bailey,91.70153662944323,2019,6.962253451347351,,5.381615459918976,-1.7390623167157173,,-3.0985668897628784,-2.7613464295864105
378,Bailey Ober,94.09504464317119,2024,-0.11596667766571045,,,,15.699193000793457,1.874915599822998,1.509750485420227
379,Tarik Skubal,75.54035752439314,2022,-2.718891143798828,,,5.490788459777832,3.7111074924468994,6.805992126464844,-3.3445682525634766
380,Seth Lugo,88.22303984770944,2023,2.6968917846679688,-0.11223899573087692,,7.9578680992126465,-3.0982391834259033,1.4094831943511963,-0.857657790184021
381,J.A. Happ,84.50409030863764,2017,2.0110716819763184,0.06830649077892303,,7.364017486572266,-4.437392711639404,-2.8802895545959473,2.1208088397979736
382,Jon Lester,94.71077643273094,2017,-5.333249092102051,8.794821739196777,,-0.3770177960395813,-2.064786911010742,0.028613124042749405,-1.49807608127594
383,Noah Syndergaard,84.16435510647179,2015,11.815157890319824,-0.03617116063833237,,4.4596052169799805,-0.26534897089004517,0.5936383605003357,3.0207178592681885
384,Yu Darvish,93.08422930059868,2021,0.6825977563858032,-2.800138473510742,-2.3520350456237793,1.4358439445495605,-0.1347600519657135,11.022998809814453,1.2803266048431396
385,Hunter Greene,76.66101447932822,2025,17.053279876708984,,-5.022590637207031,,,4.243299961090088,
386,Jon Gray,87.1593479639287,2019,-9.761726707220078,,,-1.4112439155578613,-4.098932266235352,15.315337918698788,1.6316521167755127
387,Nick Pivetta,90.5549304416208,2018,-3.1881438493728638,,,-4.694075107574463,-0.4143085181713104,2.300880402326584,4.838603716343641
388,Lance McCullers Jr.,71.36720286778157,2017,-1.9854490756988525,-0.03969336673617363,,-0.733190655708313,-6.898866653442383,,14.5512056350708
389,Charlie Morton,86.82319665425462,2018,0.7196831107139587,-3.5985589027404785,1.331553339958191,7.169503211975098,-0.8271371126174927,-0.3026760220527649,9.89945125579834
390,Chris Bassitt,92.30085688274602,2022,-3.608762264251709,7.0909318923950195,,16.423542022705078,-5.331580638885498,-3.861281394958496,5.447108268737793
391,J.A. Happ,92.75802712271293,2016,22.98522186279297,-2.8077054023742676,,10.386527061462402,-4.249548435211182,-2.559598684310913,3.3291778564453125
392,Zach Eflin,93.65045101930059,2024,-1.7889036536216736,10.600122690200806,,0.19423389434814453,0.5293778777122498,0.18207097053527832,-4.942770004272461
393,Miles Mikolas,98.71448809776962,2022,10.219506420195103,,,8.973815232515335,-3.1818509101867676,2.0367026329040527,-0.01852738857269287
394,Kyle Gibson,96.74482160065675,2015,-11.842071533203125,,,5.783760070800781,10.914307594299316,6.181178569793701,-0.04627019912004471
395,Trevor Bauer,88.12149196519114,2017,3.7030165791511536,-2.740723133087158,0.6416699290275574,-11.373611450195312,-4.7710652351379395,1.639317899942398,6.441955327987671
396,Kyle Wright,91.83976198433274,2022,-13.950604438781738,,,14.371282577514648,6.966608047485352,2.0835413932800293,12.708375930786133
397,Yu Darvish,69.8354298700658,2016,-0.919270932674408,0.21805186569690704,,4.182432174682617,-0.8631832599639893,6.9636125564575195,3.5754971504211426
398,Aaron Nola,73.49092482381779,2016,-1.2361246347427368,,,-4.767676830291748,-0.6398911476135254,-0.16764616966247559,9.281206130981445
399,Garrett Richards,97.32966385542304,2015,9.755171775817871,,,-3.7532966136932373,-0.03617116063833237,6.023122787475586,0.20032186806201935
400,Jordan Montgomery,90.02464542218617,2022,-4.175001353025436,-1.4495462514460087,,14.079860925674438,3.353027433156967,,1.139325737953186
401,Sean Manaea,94.92184727719025,2024,12.717129707336426,5.30770206451416,,9.639466285705566,-4.056454658508301,-0.43015313148498535,
402,Gio Gonzalez,90.9760152067585,2016,-8.55383014678955,,,12.30288028717041,2.17327880859375,,-0.46783092617988586
403,Ricky Nolasco,96.83573110139162,2016,-7.058444023132324,,0.5093255788087845,6.535097599029541,-0.6279571652412415,7.161098480224609,
404,Bryce Miller,90.7795811786158,2024,18.402210235595703,-0.856715738773346,7.334843635559082,7.376745700836182,,-1.1257890462875366,-0.3428128957748413
405,Spencer Turnbull,87.19916238700715,2019,14.344918251037598,,,-11.602283477783203,-0.10588547587394714,0.22363194823265076,-5.157261371612549
406,Dylan Bundy,95.55628966091712,2017,-6.559370040893555,,,0.04318779706954956,9.505160331726074,12.293785095214844,0.3024699091911316
407,Brady Singer,92.71858984008543,2025,-3.3848795890808105,2.502420425415039,,-0.06222979724407196,,3.7414767742156982,
408,Wei-Yin Chen,99.53010508922918,2015,3.0884323120117188,,-1.2760294675827026,-2.613269567489624,-5.234150409698486,3.3586723804473877,-2.481062412261963
409,José Soriano,89.95228752029017,2025,1.4132040739059448,,2.273306131362915,10.06324577331543,,-4.320220947265625,2.5600438117980957
410,Jaime García,78.43108357305121,2015,5.977968692779541,,,4.647136688232422,3.6998817920684814,7.041609287261963,2.5695767402648926
411,Miguel González,87.01585787940213,2016,6.358558654785156,-0.10862766206264496,6.5909536480903625,-6.8820414543151855,,9.266606399789453,-5.006832908838987
412,Adam Wainwright,96.30581338984379,2016,-11.70047664642334,16.96182632446289,,-12.138679504394531,-1.0124965906143188,,4.491431713104248
413,Lance Lynn,90.33286652556366,2018,-0.49741435050964355,-1.2532195448875427,,-5.006864845752716,-1.0272843092679977,,-1.4305412471294403
414,Tanner Roark,93.75224408395184,2017,-1.2423364631831646,0.32380369305610657,,-6.379855901002884,5.738739788532257,0.7460583448410034,5.192210674285889
415,Jon Lester,95.95501290003412,2019,-5.202909469604492,-2.1425228118896484,,-3.8167755603790283,-3.6864495277404785,,0.18542948365211487
416,Yordano Ventura,90.11775357019474,2015,-10.21915340423584,-2.4590721130371094,,6.456287384033203,-4.184016227722168,-0.05122163146734238,11.284034729003906
417,Sonny Gray,88.967352662573,2017,-0.271358847618103,-0.3527621440589428,,6.879844933748245,1.351266285404563,7.122126817703247,-0.9965959787368774
418,Steven Matz,88.9795072187861,2021,,,,2.0612130165100098,7.036977291107178,-4.540460109710693,-2.9460394382476807
419,Chris Devenski,55.52215360725114,2016,9.942988872528076,,,0.41160255670547485,12.342275619506836,6.372730255126953,0.44513893127441406
420,Collin McHugh,94.20217173160714,2016,-7.75462007522583,2.335230588912964,,1.656141757965088,-3.2468655109405518,-1.0585298538208008,0.4152337610721588
421,Marco Estrada,97.25189853330522,2016,11.109259605407715,-3.680407762527466,,,11.909442901611328,,3.020615816116333
422,José Berríos,86.89648042741256,2017,5.617531627416611,,0.05268123745918274,5.817263752222061,-3.5129976086318493,0.266573041677475,4.829637318849564
423,Tony Gonsolin,81.2125857803573,2022,0.61934494972229,,17.13334846496582,,,9.077066421508789,4.56752347946167
424,Zack Greinke,93.1191713043117,2018,-6.113293170928955,,,1.2200636863708496,11.683979034423828,0.5122528076171875,8.919740676879883
425,Wade Miley,96.0345050898571,2015,-4.1694865226745605,0.7998960614204407,,-4.963311195373535,4.211018085479736,-0.6597947478294373,0.8127646446228027
426,Trevor Williams,95.43370225949535,2018,15.428476333618164,,,8.233698844909668,-5.181084632873535,-0.5093898773193359,-0.49185049533843994
427,Ervin Santana,100.96268057857587,2017,3.9891622066497803,,,-2.724843978881836,-3.3354907035827637,21.18500518798828,0.06830649077892303
428,Nick Lodolo,88.92432471737217,2025,-1.0804159194231033,,,-0.2816552594304085,8.109837889671326,2.3024120777845383,
429,Kyle Hendricks,88.48302907686313,2023,-7.458208084106445,,,0.8101581931114197,12.454389572143555,,0.019378729164600372
430,Carlos Rodón,94.21824232603453,2016,-15.353619575500488,,,-3.6809022426605225,-3.827425956726074,15.904011726379395,-0.02682059071958065
431,Marcus Stroman,83.08282714026726,2023,0.24192751944065094,2.12114841863513,,11.269508868455887,0.9919388294219971,0.5297792553901672,
432,Blake Snell,76.09969162248754,2019,8.84704303741455,,,,0.21242867410182953,-3.385770320892334,0.9323115944862366
433,Edinson Volquez,96.58941428178284,2015,-0.23505043610930443,,,-7.293905049562454,11.944853216409683,,3.5949450731277466
434,Kyle Gibson,96.69801590983452,2023,-2.1356544494628906,-5.356948375701904,,-0.5264713764190674,-2.0761072635650635,11.70207405090332,-0.39817678928375244
435,Spencer Schwellenbach,82.49647166219172,2024,1.253472089767456,1.9671974182128906,4.752752304077148,-0.22108137607574463,,2.713109016418457,0.3961479961872101
436,Zach Davies,96.89610082913558,2017,-0.009405270218849182,4.485586643218994,,-0.15980112552642822,-3.9555776119232178,0.07403527945280075,-2.1912930011749268
437,Alex Wood,97.48977108102012,2015,0.3655562400817871,,,2.9143604934215546,-0.7069277465343475,5.795741319656372,-0.03492240607738495
438,Hisashi Iwakuma,102.19263478724329,2016,3.9425649642944336,5.701596260070801,-1.3384279012680054,-3.554196357727051,-0.047190431505441666,2.009984254837036,-4.227283954620361
439,Taijuan Walker,92.02644142074972,2022,-1.8710086345672607,-1.1743485927581787,14.97882080078125,1.2465683221817017,,-2.372286796569824,0.9189354181289673
440,Charlie Morton,90.2231637403696,2023,-10.060304641723633,,,-8.70144271850586,2.518385887145996,0.5621271133422852,22.038040161132812
441,Luis Castillo,96.35769439528849,2025,11.157979011535645,,,1.871909499168396,-5.0412068367004395,1.7204952239990234,
442,Félix Hernández,93.50977718234897,2015,-7.315657138824463,-1.3956987857818604,,-5.86551570892334,7.110979080200195,-2.2362074851989746,19.372621536254883
443,Kenta Maeda,88.86268536324607,2019,-0.6843600273132324,,4.427982747554779,0.86744624376297,0.26904141902923584,19.785836935043335,-0.5227895379066467
444,Shane Bieber,76.52036790878984,2018,-6.618880212306976,,,,-2.372286379337311,2.7390636205673218,-0.7986347451806068
445,CC Sabathia,96.68512765809567,2016,-1.4020174741744995,3.453960657119751,,-2.3090004920959473,-2.392592668533325,11.192130088806152,1.2762060165405273
446,Michael Wacha,89.57441307750462,2023,4.201097011566162,-5.868175029754639,,2.594752311706543,8.0809965133667,,2.548518419265747
447,Ryan Yarbrough,81.44874356086207,2019,-4.514347076416016,11.36369800567627,,,11.484332084655762,5.311277985572815,
448,Vince Velasquez,89.56800087210135,2018,3.2288883328437805,,,-2.6520941257476807,-1.4466700553894043,1.7402834817767143,-5.806991800665855
449,Michael Pineda,87.85862777493175,2019,9.639042854309082,,,,5.473484039306641,-6.682243824005127,
450,Jack Flaherty,91.01215091673394,2025,5.149447917938232,,,-0.6671761870384216,-1.7749837636947632,2.905223846435547,-1.9945871829986572
451,Trevor Bauer,93.33764307402795,2016,-2.0834680795669556,0.5965021252632141,0.00015856698155403137,-1.0626766681671143,2.1396889686584473,0.41342661157250404,7.367819786071777
452,Brad Keller,85.40063387481992,2018,9.32629108428955,,,8.962024211883545,-2.941693961620331,1.2549499608576298,0.1771710067987442
453,Nathan Eovaldi,93.196951072616,2024,8.048276901245117,-5.968614101409912,12.641136169433594,,,-0.13157449662685394,-2.818608283996582
454,Ubaldo Jiménez,95.92889051299355,2015,-0.744035542011261,-0.9651038646697998,5.565799236297607,0.5590871572494507,,-4.140622138977051,-1.1868327856063843
455,Chris Bassitt,98.47209779667861,2023,-7.9486212730407715,-7.098206996917725,-3.096060276031494,24.17811393737793,3.466754674911499,-3.2005369663238525,2.645747423171997
456,Dylan Bundy,97.28796065397796,2019,-22.12302017211914,,,2.611557960510254,4.508538722991943,8.956003189086914,0.36719265580177307
457,Dean Kremer,95.17733411743141,2025,-0.8912737369537354,0.0962599515914917,5.122406363487244,1.8598075658082962,,0.4237859845161438,-0.5139339193701744
458,Masahiro Tanaka,96.73881347913758,2017,-6.512915134429932,-6.423172473907471,6.607296466827393,-9.402372360229492,0.21389181911945343,12.893202781677246,2.514561414718628
459,Marco Estrada,103.59077851817165,2017,4.405249118804932,-3.340719223022461,,0.3282979428768158,-8.14154052734375,0.5483953952789307,-4.245246410369873
460,Colby Lewis,101.37877310409755,2015,-10.592761039733887,,,0.08713340759277344,3.1429760456085205,7.147319316864014,-1.6594054698944092
461,Yu Darvish,94.1334340338972,2019,-6.964504241943359,-0.28459906578063965,3.279508113861084,-6.191990375518799,1.1544926166534424,21.465723037719727,5.9497270584106445
462,Brady Singer,95.1388457917547,2024,-6.977738857269287,,,9.372693061828613,-3.1206533908843994,-0.054641757160425186,
463,Kyle Gibson,97.55052122095175,2018,-8.806299209594727,,,13.528276443481445,1.6038095951080322,7.469977855682373,-3.6503005027770996
464,Logan Gilbert,82.94488959363628,2025,9.8512601852417,,4.517175197601318,-1.6724992990493774,,0.43728137016296387,
465,Aaron Civale,84.75335797369382,2023,-1.5938096046447754,8.52453076839447,,5.927462577819824,-2.152984619140625,-0.09027266502380371,4.211634874343872
466,Yusei Kikuchi,94.78266661204917,2023,1.1231434345245361,-0.04604372754693031,,-0.5150755643844604,-4.906801700592041,8.404675483703613,0.9796394109725952
467,Kevin Gausman,97.68519456374327,2017,-4.322816371917725,,-1.0066381692886353,,-0.1878228783607483,-6.1247334480285645,-0.03969336673617363
468,Anthony DeSclafani,96.08950190042462,2019,1.7945222854614258,,,5.66330099105835,2.006514310836792,7.575104236602783,-4.783886909484863
469,Kyle Gibson,93.08663756168355,2019,-12.491107523441315,,,3.2252676486968994,-1.8003334999084473,8.579287700355053,-5.3419672548770905
470,Jordan Montgomery,90.57584943325448,2017,1.241114854812622,,-0.45965099334716797,-7.781562805175781,8.184501647949219,2.901399612426758,9.502680778503418
471,A.J. Burnett,87.99854472018295,2015,-3.605394124984741,,,6.542847633361816,-1.8114686012268066,,-3.725743055343628
472,Yovani Gallardo,97.15445229140866,2015,0.8997231721878052,,,2.7010562419891357,-5.295117378234863,1.1861704587936401,-3.9122040271759033
473,Reese Olson,76.12879530955546,2024,-2.0041067600250244,,,7.857377052307129,-0.1715032458305359,10.809420585632324,-3.95223331451416
474,Mitch Keller,97.04874907641025,2025,2.956141233444214,-0.6493130922317505,,3.1785829067230225,-3.1716790199279785,-0.5500534772872925,-1.3338865041732788
475,Chris Archer,92.35292999529894,2018,-8.510876893997192,-0.04960940033197403,,-1.6571281254291534,-1.239560604095459,5.299745321273804,-0.31136998534202576
476,Jake Odorizzi,99.15298262788181,2018,-0.07893554121255875,-2.940671443939209,-2.3277549743652344,10.719125747680664,0.0,-0.5989165306091309,-3.3599650859832764
477,Shane McClanahan,80.5792907703631,2021,-2.567288875579834,,,,-4.725549697875977,8.575522422790527,7.113641738891602
478,Mitchell Parker,93.27140739541751,2024,0.892236590385437,,-2.696739673614502,,,-1.7918744087219238,2.5540618896484375
479,Justin Steele,82.386461329393,2022,-6.567802429199219,,,0.8129416704177856,0.8742531538009644,9.295677185058594,-0.2771773636341095
480,Zach Davies,92.83061941891982,2016,-2.704677104949951,-1.0294203758239746,,-4.137965202331543,8.027700424194336,-0.11608481407165527,2.930385112762451
481,Alex Wood,85.54688743060215,2021,,,,9.5851411819458,-5.464821815490723,6.254782199859619,
482,Lance McCullers Jr.,80.95449523536628,2015,-3.3739306926727295,,,0.137018620967865,-1.043355941772461,0.361191987991333,17.16071319580078
483,Janson Junk,76.70637486158239,2025,0.6392114758491516,,,,-1.7287878394126892,13.26707935333252,-3.7793145179748535
484,Jake Arrieta,96.02385330366575,2017,1.734619140625,-0.1260790079832077,0.06227114796638489,8.082117080688477,1.7333455085754395,-8.521345138549805,1.608493685722351
485,Chad Patrick,86.00981330989765,2025,2.612639307975769,1.5764516592025757,,4.23170268535614,-3.6942834854125977,-0.6809925436973572,-0.046885255724191666
486,Trevor Williams,93.3762183223262,2017,12.454039335250854,,,11.132188081741333,-3.547721028327942,-8.102391123771667,-0.1718733310699463
487,Kyle Hendricks,89.69853965538664,2017,-2.480768918991089,,,14.312832832336426,7.115232467651367,-0.050659872591495514,-3.9283549785614014
488,Danny Salazar,87.25705359240104,2016,4.579919338226318,0.22707563638687134,,-5.677151679992676,10.725760459899902,-0.28714051842689514,-0.19233950972557068
489,Mike Minor,100.41636142649703,2018,-6.309426784515381,,,-0.9489835500717163,6.115438938140869,1.2851518392562866,2.0961413383483887
490,Carlos Carrasco,89.22551446634135,2022,-6.706909656524658,,,-5.012365818023682,6.4325175285339355,4.527790546417236,-1.6878801584243774
491,Aníbal Sánchez,89.88361562267542,2018,-1.1093722581863403,11.513267695903778,4.675796300172806,-4.289390295743942,10.135811239480972,-2.3430777192115784,-1.6471136212348938
492,Steven Matz,83.59148053954783,2016,2.4515557289123535,,,2.317821741104126,0.3590540587902069,2.49163818359375,3.772510051727295
493,Gerrit Cole,81.36102934508523,2016,4.6577863693237305,,,-2.0496175289154053,-4.589512348175049,-1.4416989088058472,1.8431559801101685
494,Bartolo Colon,99.33309865454927,2015,-3.740839332342148,-1.5494295358657837,,12.36393529176712,-2.1560561060905457,-2.8466790169477463,
495,Kyle Freeland,100.58882539204166,2022,1.0812652111053467,-1.0576274394989014,,-5.106197357177734,-10.652667045593262,-4.507838249206543,
496,Chris Tillman,96.35292593232064,2016,8.154130935668945,7.781748294830322,,-2.8617565631866455,3.3381876945495605,-2.0853443145751953,-3.038403272628784
497,Mike Leake,93.87318789542189,2016,0.12825101613998413,3.5793447494506836,,-14.717284202575684,-1.9712706804275513,1.9751195907592773,-1.5826514959335327
498,Cole Hamels,92.14432174450363,2019,-3.632532835006714,7.679186820983887,,-6.917057991027832,14.176630020141602,,-4.308409214019775
499,John Means,101.36995278546146,2021,-3.005847215652466,,,,7.04622220993042,1.639833688735962,6.060557842254639
500,Chad Bettis,96.86109882965332,2016,-13.160005569458008,,,2.5415802001953125,2.653820514678955,-0.6971030831336975,-1.4184592962265015
501,Trevor May,79.28642186115734,2015,0.03956413269042969,,,1.779631495475769,-0.30094289779663086,-1.1535102874040604,-4.953540682792664
502,Kenta Maeda,79.98474305781637,2018,-1.7997437119483948,3.243564784526825,5.303813695907593,-0.5559943094849586,0.43252280354499817,3.736300826072693,-4.525083899497986
503,Sonny Gray,89.05324362693655,2021,0.2063530683517456,2.4449281692504883,,4.248270034790039,0.6315146684646606,-1.2155423164367676,2.0271637439727783
504,Jesse Chavez,96.6044685856666,2015,5.100618600845337,3.9875227212905884,,-5.038716986775398,-2.5523289144039154,0.3201545476913452,-0.4339105635881424
505,Taijuan Walker,92.34076981481654,2017,11.094724655151367,,-5.654856204986572,0.7573688626289368,,-2.3943169116973877,-0.6680455207824707
506,Clayton Kershaw,84.42998360608857,2025,1.1521148085594177,,-0.4674699902534485,-1.0040501356124878,,9.976669579744339,2.3875149339437485
507,Bailey Ober,92.4587102655255,2023,7.981877326965332,,,,7.0648417472839355,-3.633317708969116,2.680680513381958
508,Drew Rasmussen,91.3304397428986,2025,10.729384422302246,,,6.50081729888916,-0.10755136609077454,11.031290054321289,-1.5380665063858032
509,Hyun Jin Ryu,94.29827364320771,2021,0.35019832849502563,3.634992837905884,,-1.3078831434249878,0.30039137601852417,0.6597203612327576,-0.5932106375694275
510,Lance McCullers Jr.,84.52388843512097,2018,-4.554239481687546,,,4.584714472293854,7.070266216993332,,3.520330309867859
511,Clayton Kershaw,89.41593157847196,2023,1.6149413585662842,,0.9076353907585144,0.6349908709526062,-0.3991466760635376,18.277070999145508,0.4558936059474945
512,Casey Mize,91.91593463306084,2025,-0.4624377191066742,,-11.175562858581543,3.0434272289276123,,4.135836601257324,-0.2882313132286072
513,Jon Gray,95.32801742557493,2018,-14.875288963317871,,,0.19398343563079834,-0.977827250957489,6.9863481521606445,-0.1786130964756012
514,Rick Porcello,95.69125865067797,2018,5.108241558074951,,,-2.646982192993164,-0.789196252822876,5.532416820526123,-1.882939338684082
515,Germán Márquez,96.258510047978,2017,-6.697667121887207,,,-0.46253880858421326,-1.243975043296814,-3.6713833808898926,3.2680037021636963
516,Yu Darvish,92.73677061026507,2023,-6.596358299255371,5.228486061096191,2.7577340602874756,1.535528540611267,-0.4153612554073334,-5.017566680908203,5.2008490562438965
517,Bartolo Colon,98.17592446594205,2016,0.8150705695152283,-2.6681737899780273,,13.880667686462402,-2.698657512664795,-1.7476451396942139,
518,David Price,95.83397784201902,2018,1.0565317869186401,0.6339538097381592,,16.254669189453125,-0.8464080691337585,-0.036135897040367126,-5.624992847442627
519,Masahiro Tanaka,92.5932506847922,2018,-7.805266380310059,-2.576680898666382,2.926748275756836,-3.080465078353882,,17.48104476928711,-2.118269443511963
520,Kutter Crawford,88.99969664451065,2023,11.56851577758789,2.229285180568695,-1.208647295832634,,,4.142604827880859,-3.6766900420188904
521,Tyler Skaggs,85.00425757259032,2018,6.1647796630859375,,,0.01805042289197445,0.712531328201294,,-7.222200870513916
522,Reid Detmers,95.12758632591776,2023,-6.775253772735596,,,2.5739355087280273,-3.655609369277954,8.343724250793457,0.7084611058235168
523,George Kirby,83.36199762567071,2025,6.916807174682617,,-2.453315019607544,-0.9099398851394653,0.8794540166854858,1.7874618768692017,2.034761667251587
524,Miles Mikolas,99.37541522720326,2019,0.9282439351081848,,,3.5427708625793457,-0.9716066718101501,-0.30018290877342224,3.5681345462799072
525,Spencer Schwellenbach,80.23839621960605,2025,10.329121589660645,2.947211265563965,4.08062744140625,2.834507942199707,,-3.1597068309783936,-0.3329848647117615
526,Taijuan Walker,101.71121862061413,2023,-4.5125203132629395,-4.273203372955322,3.78890061378479,4.215476036071777,,1.2228049039840698,-1.6968711614608765
527,Sonny Gray,86.30350968981688,2022,9.592121124267578,-0.2613348364830017,,-1.5380325317382812,-0.10603190958499908,-1.7901724576950073,7.341190814971924
528,Carlos Carrasco,86.88465941910476,2016,-8.879322052001953,0.020054414868354797,,7.719119071960449,3.707062244415283,2.6906940937042236,6.837085723876953
529,Stephen Strasburg,87.64707164863519,2018,-4.833724021911621,,,-3.365710735321045,1.9190326929092407,0.45482125878334045,8.014429092407227
530,Alex Wood,87.86609262622402,2018,0.9355063736438751,-0.036135897040367126,0.06272517889738083,4.5402936935424805,4.025138318538666,3.6218887269496918,0.0609566792845726
531,Jameson Taillon,97.12382376954423,2022,-1.7180906534194946,-0.5931596755981445,,-0.19292250275611877,-4.6964111328125,1.990977168083191,4.951956272125244
532,Aníbal Sánchez,99.02460737606864,2019,5.178771018981934,7.453264236450195,1.470219612121582,-3.3572123050689697,1.9683029651641846,-2.35880184173584,-0.2637069821357727
533,Chris Paddack,90.30762005839331,2019,13.938013076782227,,,0.04557297006249428,9.158247947692871,-0.03891072794795036,-0.6462540626525879
534,Reynaldo López,107.15077041153525,2019,-3.955880641937256,0.373846173286438,,0.26425179839134216,-5.346343517303467,-5.556706428527832,-1.5527702569961548
535,Dallas Keuchel,92.38804418996472,2016,-0.20956377685070038,-1.767426609992981,,-4.921550750732422,0.9264882206916809,5.99310302734375,0.8058757781982422
536,Ryan Feltner,98.12557242038555,2024,5.125373363494873,,,-1.4662272930145264,-3.1481564044952393,-5.469442367553711,3.3395884037017822
537,Chris Bassitt,94.98286552923753,2025,-0.39882954955101013,-2.7775250375270844,-6.75416374206543,2.4588350504636765,-0.2940838932991028,-1.0010828971862793,5.004723593592644
538,Johnny Cueto,92.96488251878054,2022,7.964020013809204,-7.141392320394516,,1.98349928855896,-0.7062926292419434,1.1914912164211273,1.7068434953689575
539,Ranger Suarez,87.5525551108109,2023,-2.866316318511963,-2.1231813430786133,,2.935591697692871,-5.381787300109863,-0.39464595913887024,7.503558158874512
540,Kyle Freeland,96.88461022735095,2025,-11.662696838378906,-1.6423025131225586,,-2.804082155227661,-1.3941062688827515,-3.7787978649139404,5.547456741333008
541,Tyler Anderson,81.7364783315357,2016,7.835003852844238,1.1614280939102173,,0.23214250802993774,-2.374701976776123,,1.1286171674728394
542,Mike Fiers,100.76506883953566,2015,1.8503879308700562,-4.883423037827015,4.805326551198959,-0.03492240607738495,,0.8058189898729324,-4.097642511129379
543,Jameson Taillon,98.21280284300494,2024,-2.3395462036132812,13.66624641418457,,4.258834362030029,-2.560209274291992,4.902281761169434,-6.192996501922607
544,Derek Holland,99.68940306992674,2018,-0.7938259243965149,0.039223287254571915,,5.392973005771637,-2.446085676550865,-5.492253124713898,7.1517932415008545
545,David Price,80.28650091577059,2019,7.870457649230957,0.6174441576004028,,-4.316041469573975,-4.313013553619385,,1.7550545930862427
546,Robbie Ray,89.75513776203692,2015,-3.860351800918579,,,4.720734119415283,0.18884295225143433,-2.5549373626708984,0.4919528067111969
547,Kevin Gausman,100.59827922227885,2018,-6.673788070678711,,6.048573970794678,-0.16062840819358826,-0.11388498544692993,-1.5585688948631287,
548,Reynaldo López,107.86941719309256,2018,-0.8777136206626892,-0.9585163593292236,,0.8493911027908325,-0.4187026023864746,5.539621829986572,-2.373527765274048
549,Scott Kazmir,99.32174622633758,2015,8.72946548461914,1.698582649230957,,5.0299763679504395,2.7978596687316895,-4.611472725868225,-0.37360870838165283
550,Pablo López,78.4268381836518,2021,4.709247589111328,2.206019401550293,,0.019297782331705093,1.1774473190307617,,0.2496287077665329
551,Nathan Eovaldi,89.89666640054048,2023,3.4566707611083984,5.138434410095215,7.954870700836182,,,-2.9210264682769775,2.576357364654541
552,Mike Minor,100.723098366108,2021,3.2259745597839355,,,,-1.0108850002288818,-2.3931846618652344,-3.378939390182495
553,Joe Ryan,96.46934164466134,2023,13.451200485229492,,2.806861400604248,,-4.872309684753418,-9.12246322631836,0.1120329350233078
554,Jhoulys Chacín,99.41377285517096,2017,-6.300974369049072,-0.06293702125549316,,0.5368273258209229,-3.6316444873809814,21.23870086669922,1.2596659660339355
555,Ranger Suarez,94.69855442406889,2022,-7.712683200836182,2.266878366470337,,12.97321891784668,-4.095648288726807,-1.859174132347107,-2.1232357025146484
556,Luis Castillo,99.35119913012413,2024,12.384516716003418,,,-1.8751081228256226,-6.44230318069458,3.963315010070801,
557,Jeff Samardzija,102.93554488745245,2015,3.458311080932617,5.115262031555176,-1.061774492263794,-7.220187187194824,,-5.70903205871582,
558,Erasmo Ramírez,95.3442650311696,2015,4.893024772405624,,,0.5732349753379822,11.058069229125977,-4.347005248069763,-0.691433310508728
559,Zack Greinke,98.41700770589698,2016,-6.5327253341674805,,,-6.82528829574585,6.915068626403809,4.506629467010498,2.741577386856079
560,Jason Hammel,101.4669176421842,2017,0.09903682768344879,,,-5.42055082321167,-1.968634843826294,0.05204351991415024,-3.1384048461914062
561,Zack Godley,95.9603063378091,2018,0.4466799795627594,-11.11099886894226,,-5.308973878622055,-1.1055920124053955,0.10252201557159424,12.535471871495247
562,Mike Leake,98.9436774507679,2018,-0.009474022313952446,0.8443253040313721,,-2.1113338470458984,4.624819278717041,-5.36928653717041,-3.4320428371429443
563,Sandy Alcantara,105.75038379619734,2019,2.6995151042938232,-0.062041692435741425,,12.07098388671875,-0.3324504792690277,1.2200630903244019,-0.6252795457839966
564,Shohei Ohtani,92.08309967827122,2023,11.117708206176758,-0.8559508919715881,0.3013913333415985,-1.9537426233291626,,12.80757999420166,0.8766452670097351
565,Chris Bassitt,98.68377448406271,2024,-0.621745228767395,0.25079455971717834,-3.657020330429077,-0.8719086050987244,-3.223294734954834,-2.620028257369995,-0.15783512592315674
566,Martín Pérez,102.13006864123723,2016,-7.230444431304932,,,9.196361541748047,0.409273236989975,1.5927873849868774,-2.4122962951660156
567,Rich Hill,87.62045857508967,2017,17.01420783996582,2.0163211822509766,,,0.29294973611831665,-0.8103371858596802,-0.2053820937871933
568,Jon Gray,94.26522235062843,2021,-12.626057624816895,,,-0.3903549313545227,-3.2583181858062744,12.951133728027344,0.4405495226383209
569,Junior Guerra,88.39318060373644,2016,8.848523139953613,,4.3452911376953125,0.3020646870136261,-0.9492356181144714,3.223393201828003,
570,Iván Nova,94.9356642634354,2016,-6.361994624137878,,,9.847336769104004,-1.3876110818237066,-1.5432323403656483,-5.742977656424046
571,Robbie Ray,98.83161028091241,2019,15.190289497375488,,-0.03891072794795036,-4.50708532333374,,-7.1375603675842285,0.34098583459854126
572,Jack Flaherty,96.84032825935786,2018,10.823805809020996,-0.3108443319797516,-0.026440227404236794,1.459308385848999,0.14489687979221344,8.63908576965332,0.5615392327308655
573,Zack Littell,97.48600221376952,2024,3.8536770343780518,,-4.002155303955078,-2.812117576599121,,4.48061990737915,
574,Dallas Keuchel,87.3604015954926,2017,-1.8116328716278076,1.162928581237793,,13.663958549499512,6.1761579513549805,5.379568576812744,0.04318779706954956
575,Nick Pivetta,99.24646224764462,2021,4.063151329755783,,,0.15970124304294586,-2.759915590286255,-0.6221435070037842,1.5303499698638916
576,Mike Pelfrey,97.74101602526265,2015,-0.03492240607738495,,0.5393037796020508,-0.032838694751262665,,-1.7084431648254395,0.1395389437675476
577,Masahiro Tanaka,95.09867117908016,2015,-7.834401607513428,6.304078578948975,8.968697547912598,-7.22066068649292,-0.03492240607738495,10.44725513458252,0.1726333498954773
578,Jhoulys Chacín,99.31965909319915,2018,-0.44256797432899475,-0.13862575590610504,-1.0956400632858276,-5.445748805999756,-1.7271521091461182,26.20351219177246,-0.9049322605133057
579,Zach Eflin,90.71101595238153,2018,-0.11664430797100067,0.2700233459472656,,0.17569878697395325,-5.76942777633667,3.7871768474578857,-0.8530062437057495
580,Justin Verlander,96.38807963930469,2025,-5.383661270141602,,,-0.7199345231056213,1.1366175413131714,3.9560651779174805,-4.887838840484619
581,Patrick Sandoval,96.32282009413866,2023,-8.254572868347168,,,1.3584414720535278,2.0353620052337646,0.21091923117637634,0.6415079832077026
582,Bryan Woo,85.98914657109262,2024,12.63373851776123,,,7.48813533782959,-1.2229353189468384,4.394844055175781,
583,Jason Hammel,94.47530234229447,2015,-1.6125223636627197,,,-11.496810913085938,0.8183854818344116,13.80951976776123,0.20555554330348969
584,Jesús Luzardo,78.51494861209206,2022,4.312680721282959,,,2.37115740776062,8.319930076599121,-0.16813674569129944,
585,Yusei Kikuchi,102.17570133720768,2025,-13.510869979858398,,,0.06048516184091568,0.9878275990486145,3.2313828468322754,2.489668369293213
586,CC Sabathia,95.9646827184518,2018,-0.9031264781951904,5.731893539428711,,-3.1093780994415283,2.916896343231201,-6.5526652336120605,
587,Eric Lauer,96.68415601725022,2019,9.946651697158813,-0.9599721431732178,,,-1.9698849730193615,-1.8971251249313354,-2.889751374721527
588,Vince Velasquez,94.19148964174354,2016,9.761384963989258,,,2.059921979904175,-3.5969321727752686,-3.145024538040161,-4.235046863555908
589,Ryne Nelson,94.33966744339627,2024,9.790125370025635,-4.513712644577026,,,-5.598268836736679,-0.9006508588790894,1.7240396738052368
590,Michael King,71.70213179828941,2023,5.275624513626099,,,7.142354071140289,8.359410285949707,-3.9320765137672424,
591,Alex Cobb,98.0730966763092,2017,0.14778323471546173,,-5.800683498382568,7.587082386016846,,-0.024164579808712006,6.846359729766846
592,Brad Keller,96.77965629414933,2019,3.648102045059204,,,-1.0315439701080322,0.6275531053543091,10.213099479675293,
593,Joe Musgrove,88.49567492953288,2018,6.032959461212158,-1.6297357082366943,,-0.5026763081550598,1.5658023357391357,0.6498780250549316,-0.8285216093063354
594,Jeff Samardzija,98.66341492363026,2016,6.000572204589844,2.704514265060425,-5.443021774291992,-7.424179553985596,-0.06186642125248909,13.504047393798828,5.764516353607178
595,Jack Leiter,98.9518795938181,2025,13.049535751342773,,,-0.9848242402076721,-1.9136568307876587,2.181060791015625,-2.8705737590789795
596,Andrew Cashner,100.80738265237463,2017,7.887934684753418,-0.7459858655929565,,12.366976737976074,-2.5154643058776855,0.003494430333375931,-4.2575364112854
597,Merrill Kelly,99.93827736907251,2021,-5.924999713897705,3.456301212310791,,-2.0067031383514404,1.9002312421798706,0.3281813859939575,1.848750352859497
598,Martín Pérez,101.68302024491693,2017,-2.4943060874938965,,,-1.27877938747406,4.014277458190918,-3.4994008541107178,-4.223320007324219
599,Iván Nova,103.37853781347061,2017,-9.252870559692383,,,6.664891719818115,-4.019521713256836,,4.313441753387451
600,Mitch Keller,100.16232710276408,2024,1.1935796737670898,0.93120938539505,,1.1368664503097534,-3.1551079750061035,-11.490708351135254,-0.48830392956733704
601,Noah Syndergaard,94.46905874287616,2022,-5.9217369556427,,,13.814326494932175,-6.269907087087631,-1.125649333000183,-0.6768325567245483
602,Freddy Peralta,102.80973909464966,2024,0.9943274855613708,,,,4.441531658172607,-0.9507762789726257,1.1599663496017456
603,Reid Detmers,93.58468179257602,2022,3.7418107986450195,,,,-1.6594736576080322,3.278700351715088,0.4074814021587372
604,Adrian Houser,90.0378293380265,2025,0.12832731008529663,,,7.391571879386902,-2.524148255586624,-0.5572935044765472,0.8087197840213776
605,Logan Gilbert,89.5716042210533,2021,18.323137283325195,,,,-5.484215259552002,-9.390152931213379,0.5947840213775635
606,Michael Wacha,100.79826549409582,2015,12.517303466796875,-0.5774306058883667,,-0.08838997781276703,-1.3120232820510864,,0.11394365131855011
607,Robbie Ray,98.46602848546402,2025,12.945443153381348,,,,-0.49627235531806946,2.9061264991760254,-7.392860412597656
608,Sean Manaea,95.55071898399177,2017,-4.6722564697265625,-0.0017432868480682373,,0.22335220873355865,-3.582814931869507,3.8546864986419678,-0.41995763778686523
609,Cole Hamels,104.65638207198977,2018,-6.694871425628662,6.242582082748413,,-2.5625832080841064,1.6948920488357544,-0.8709889650344849,1.3273073434829712
610,Chad Kuhl,98.34875184131955,2017,-0.501997172832489,,,-4.919814109802246,-11.079672813415527,10.786417961120605,2.7806193828582764
611,Nathan Eovaldi,87.4543707032374,2018,9.19677346944809,5.943061679601669,-4.689999848604202,-1.5705031156539917,,3.210819885134697,-2.3012832663953304
612,Tyler Mahle,92.6893060510416,2022,8.083135604858398,-2.623464286327362,-0.721813440322876,,,-0.8664897680282593,-0.5761501155793667
613,Matthew Boyd,103.13273159092653,2018,-1.6728687286376953,,,-2.3107409477233887,-4.498294830322266,18.44899559020996,-4.5816545486450195
614,Clayton Richard,98.6177791966025,2017,0.15571926534175873,-3.164407968521118,,-0.7409802079200745,-6.2039618492126465,-6.314851760864258,0.9438247084617615
615,Luis Castillo,103.23014003958927,2018,-5.96828556060791,,,-2.362764835357666,8.68535327911377,0.5405231714248657,
616,Adam Warren,85.6300043573262,2015,2.4488203525543213,0.05753794312477112,,-2.068772315979004,8.571460723876953,3.057904005050659,2.0428859293460846
617,Max Scherzer,99.51194078251491,2023,7.856017351150513,5.768370866775513,,0.3382616937160492,0.13098645210266113,-1.0180034637451172,1.5534716844558716
618,Joe Ryan,101.40451629525433,2022,24.513334274291992,,,,-4.058636665344238,-7.872073650360107,-1.4441783428192139
619,Gio Gonzalez,101.02655427328455,2018,11.9854975938797,,,-4.587424635887146,1.6845570802688599,-0.036135897040367126,-9.30903947353363
620,Ross Stripling,84.97056851544815,2018,-0.9210914969444275,,,-0.026440227404236794,-3.8363031148910522,1.433739423751831,5.652823716402054
621,Mike Clevinger,97.20316310791115,2023,-2.0182507038116455,-0.08156081289052963,,0.5680248141288757,4.565423965454102,2.7785966396331787,0.21846845746040344
622,Andrew Heaney,98.32815195868987,2024,0.21321101486682892,,,-0.038788214325904846,1.6747666597366333,-2.0549284517765045,-3.245147228240967
623,Tanner Roark,103.47313298091007,2018,-2.031146764755249,-3.2584519386291504,,0.10539113730192184,-5.803343176841736,9.945570915937424,2.049074411392212
624,Cade Horton,88.34009192626945,2025,-0.03507758677005768,7.664741694927216,,-1.5595112442970276,2.228769689798355,5.4681476354599,
625,Ronel Blanco,102.37858031192242,2024,-4.4776197373867035,,,,-0.8918236754834652,18.914462566375732,6.576807022094727
626,Danny Salazar,78.87936645308517,2017,3.0876951217651367,,,-9.775712072849274,11.885927885770798,3.5032109320163727,-3.3412991166114807
627,Luis Gil,98.67544948451747,2024,0.7831228375434875,,,,2.1015818119049072,10.237054824829102,
628,Zach Eflin,84.50937725705734,2021,1.0987257957458496,,,5.689613342285156,-2.344111204147339,-3.2830424308776855,-1.6323492527008057
629,Andrew Abbott,91.27632855163897,2023,-0.3042282462120056,,,-0.03870123252272606,3.0286765098571777,4.638599395751953,-6.966976165771484
630,Blake Snell,91.14080686628978,2021,9.875770568847656,,,,-7.556533336639404,8.626249313354492,-2.082035541534424
631,Will Warren,94.96526713471094,2025,8.877187728881836,0.018720198422670364,,4.9810404777526855,-5.4053521156311035,-9.941332817077637,-5.446653842926025
632,Luis Severino,104.1040496877574,2024,-0.21080832183361053,3.196824550628662,,9.627373695373535,-7.8096818923950195,2.3782551288604736,
633,Ryne Nelson,92.57666358813962,2025,23.264391899108887,1.198567271232605,,,-2.517554521560669,-1.0338501632213593,-2.0483292415738106
634,Carlos Martinez,88.45838518239373,2018,1.9156887829303741,2.0994598269462585,,2.053470492362976,3.001836895942688,0.4426443576812744,-0.893389567732811
635,Chris Sale,88.3778204436693,2023,3.8708481788635254,,,-1.5272952318191528,-2.5524234771728516,4.358836650848389,
636,Iván Nova,105.85635193664768,2019,-2.4487805366516113,,,-1.4073472023010254,0.6007500290870667,-3.0374977588653564,-5.597875118255615
637,Jeffrey Springs,105.29311532455135,2025,-3.1591262817382812,-4.234538912773132,,,0.7455625534057617,9.047245979309082,
638,Chris Bassitt,98.6440781441584,2019,2.1407510638237,-8.16342407464981,,20.674498558044434,2.1893178820610046,-1.1782249212265015,-3.66999688744545
639,Joe Ross,84.47109535162684,2016,-1.3380045890808105,,,-5.672536373138428,-1.6492091417312622,17.455894470214844,-0.5743368268013
640,Eduardo Rodriguez,87.03917992994583,2018,7.717166841030121,1.8941356539726257,,-3.36883544921875,1.4111609756946564,-0.7590600922703743,
641,Tobias Myers,96.88001159348043,2024,5.2679778933525085,-3.529988646507263,,,2.9020219445228577,6.058144956827164,-2.768777083605528
642,Shane Smith,96.56334295557318,2025,22.606969833374023,-0.13881419599056244,,2.969853162765503,-0.010911228135228157,-4.5654377937316895,-7.188140392303467
643,Joey Lucchesi,95.38409194166552,2019,-2.8457448482513428,-0.050806157290935516,,10.016559600830078,7.519622325897217,-1.2814534902572632,-0.24858158826828003
644,Mitch Keller,97.08206276927618,2022,-1.8033701479434967,,,7.042051732540131,-4.2179274559021,4.038412690162659,-5.774484694004059
645,Gavin Stone,96.86968437622508,2024,-0.16293039917945862,0.2324991524219513,,-2.3348703384399414,4.668788909912109,3.290842056274414,1.4419931173324585
646,Brady Singer,94.93331779911792,2021,-0.34810808300971985,,,-10.556961059570312,-0.9338937997817993,-1.7892202138900757,
647,Shane Bieber,91.4925487957122,2023,6.320313930511475,3.4643912315368652,,0.012963004410266876,-2.7868053913116455,1.1928454637527466,-1.9390712976455688
648,Anthony DeSclafani,93.46524200127804,2016,-4.313002109527588,,,4.280606746673584,0.5967960953712463,7.144669532775879,0.6513741612434387
649,Adam Wainwright,101.29970734847966,2019,-3.2349517345428467,-1.8300279378890991,,-6.0288920402526855,-2.1072704792022705,,7.8386969566345215
650,Mike Clevinger,87.3126944970612,2017,-2.644696056842804,,,,0.41576600074768066,10.428354322910309,3.545034795999527
651,Josh Tomlin,93.39880774369476,2017,-7.615033149719238,0.2938932478427887,,,1.3230383396148682,,0.7283522486686707
652,Tyler Anderson,103.59475858903443,2021,1.7783089652657509,3.8718457221984863,,-2.165947914123535,-3.7128689289093018,,-1.6696804761886597
653,Cal Quantrill,105.90463474484098,2022,2.750767707824707,4.437990188598633,,-3.693922519683838,4.14957857131958,,1.5726401805877686
654,Matthew Boyd,101.28953433564915,2017,-7.5307221710681915,,,-5.735334157943726,1.6974274665117264,-5.218637425452471,5.669182227924466
655,Grayson Rodriguez,89.58735974803213,2024,-1.4889631271362305,,,,6.422576904296875,-3.0869266986846924,1.0886555910110474
656,Tanner Roark,102.48799744469882,2019,-5.5679886639118195,-0.1622551679611206,,8.043331265449524,0.05960196256637573,-4.728215575218201,-4.129362344741821
657,Luis Garcia,100.62322974469946,2022,-4.3491902351379395,10.29479694366455,,-0.4438750445842743,2.6124913692474365,0.6314131617546082,1.1634031534194946
658,Kyle Freeland,99.81445480981436,2017,7.491086594760418,-8.181526184082031,,-4.196492850780487,-3.658591642975807,-0.7533128969371319,0.2535521388053894
659,Jerad Eickhoff,97.07295762398684,2017,-0.627869188785553,,-0.03969336673617363,-10.994073867797852,-0.36594414710998535,-6.361785411834717,7.52091646194458
660,Frankie Montas,97.11889061984839,2022,-4.993099510669708,,4.040587246417999,1.0782230272889137,-0.027412567287683487,2.5024666786193848,
661,Rick Porcello,106.01589361668711,2017,-5.901524066925049,,,-8.506253242492676,-5.459826946258545,3.1699342727661133,-2.852583169937134
662,Wade Miley,99.28335875128303,2019,3.170041084289551,-0.3444875478744507,,-1.5604134798049927,11.072343826293945,-1.737269639968872,-3.6687309741973877
663,Cristian Javier,107.30435132346487,2023,7.483635902404785,,,,-1.5399236679077148,-0.4179387092590332,-2.8145885467529297
664,Cole Irvin,103.34962488796897,2021,5.564630031585693,,,-7.251953125,8.157549858093262,-1.7680491209030151,-5.054457187652588
665,Dan Straily,108.93314111494792,2017,3.9275076389312744,,,-1.371009349822998,-5.4505205154418945,3.0666608810424805,-0.8798021078109741
666,Alek Manoah,89.20278680237624,2021,6.0428924560546875,,,7.007023334503174,-1.8254139423370361,6.305171012878418,
667,Eduardo Rodriguez,91.44490414060436,2017,4.303460776805878,-3.1259632110595703,,-1.8088699579238892,6.2272864282131195,-1.656680017709732,0.05268123745918274
668,Tyler Chatwood,98.1871301906947,2016,4.595254421234131,2.7944929599761963,,2.8732736110687256,-1.8020447492599487,2.857334613800049,-1.7992547750473022
669,Edward Cabrera,92.88629497847577,2025,-6.893137454986572,,,-4.299590110778809,4.790609359741211,3.0587027072906494,8.018392562866211
670,Chad Bettis,92.84175276933802,2015,-4.267123222351074,,,-0.8477470278739929,-1.8482321500778198,0.8600309491157532,-2.310255527496338
671,Nick Pivetta,99.37885911280867,2024,8.58460384607315,-6.418555077165365,,,,-1.0369200706481934,2.4541843831539154
672,Nick Martinez,100.76077114986313,2025,-6.110324397683144,2.1514480113983154,,3.1955405473709106,0.15811538696289062,-0.5444821715354919,1.3943016529083252
673,Jake Arrieta,101.64820110716477,2018,0.028129125013947487,,,4.921276569366455,-1.4418989419937134,5.310754776000977,-9.570566177368164
674,Trevor Cahill,86.14387410903993,2018,0.13523274660110474,0.06968460977077484,,-1.610515832901001,9.181447505950928,0.3248639702796936,1.2028669267892838
675,Matt Moore,102.99641715763703,2016,5.251410603523254,1.4506292343139648,,-2.2258000299334526,1.1659837663173676,0.7954803705215454,3.5389081239700317
676,Brett Anderson,102.42896901181645,2019,4.553637981414795,2.154317855834961,,-2.586698055267334,4.3255438804626465,0.024242062121629715,-0.06956016272306442
677,Sean Manaea,98.23006103625261,2016,-9.5828677713871,0.3091779053211212,,0.2635728716850281,10.852290749549866,4.644811928272247,
678,Mark Buehrle,104.56142705668219,2015,4.379684925079346,-2.01216983795166,,-7.623088359832764,2.0932834148406982,-0.4596059024333954,2.9258432388305664
679,Archie Bradley,97.99924673674765,2016,-7.83709716796875,,,-4.122674942016602,-2.7657172679901123,,-0.658364474773407
680,Miles Mikolas,106.27083291430228,2024,2.6726980209350586,,,8.082443237304688,-10.000372886657715,-8.578594207763672,-5.614645004272461
681,Steven Matz,87.46713481402986,2023,,,,4.280267357826233,-0.4428979754447937,-0.42044904828071594,-1.6293700337409973
682,Ian Kennedy,112.0555231362857,2016,19.726791381835938,-5.019589900970459,,,-3.0750539302825928,,-7.994503974914551
683,Brayan Bello,102.44799647098259,2024,0.39944279193878174,,,-2.7119853496551514,1.1278386116027832,-4.437262535095215,
684,Marcus Stroman,96.4263112572092,2022,-2.1763432025909424,-0.9020809531211853,,5.727884292602539,-3.775031566619873,5.902788162231445,-0.391398549079895
685,Jake Irvin,106.57367211860293,2024,4.586542129516602,0.322525292634964,,-2.2985620498657227,-0.053617190569639206,,1.064813256263733
686,Chris Tillman,106.46658193927291,2015,-0.10321877896785736,-1.1821808815002441,,2.870194673538208,1.2488436698913574,0.3660605847835541,-9.618809700012207
687,Jaime García,97.92032152236176,2017,-2.2614907920360565,,,7.33276903629303,0.7845107428729534,-3.877352202311158,-1.8687285967171192
688,Dane Dunning,98.90870489410757,2023,-2.7814657650887966,4.452045202255249,,11.331722736358643,-3.173647701740265,0.8514940738677979,-1.909019224345684
689,Nick Lodolo,93.656748251786,2024,0.7859921455383301,,,2.8749728202819824,-0.9404541850090027,-3.8044755458831787,
690,Domingo Germán,101.44636150506463,2019,0.23469477891921997,,,-3.178722620010376,3.8701250553131104,,5.818364500999451
691,Jameson Taillon,102.36709908413148,2021,11.455999374389648,-0.40251579880714417,,2.2447879314422607,-2.382660388946533,-1.7473230361938477,-6.365418910980225
692,Zack Greinke,102.18349977896636,2022,3.612229824066162,0.15418830513954163,,-3.072911262512207,-6.098812103271484,-3.6644933223724365,5.8446431159973145
693,Kendall Graveman,105.86908226901413,2016,-7.306338787078857,-1.2943170070648193,,6.677796840667725,-0.2767293155193329,0.5163372755050659,-0.8771355152130127
694,Hunter Greene,92.34075505779238,2023,-11.641589164733887,,,,-2.583372116088867,2.0613620281219482,
695,Ryan Pepiot,103.87130687121439,2025,-1.058066964149475,-0.15594415366649628,,2.2217533588409424,5.098373889923096,-0.3952096700668335,0.784989595413208
696,Brady Singer,100.39127747048555,2023,-0.40724998712539673,,,-15.448887825012207,-0.8800477981567383,-0.366525262594223,
697,Sean Newcomb,102.78482219136023,2018,14.05355954170227,,,0.4856950044631958,-1.397062599658966,-0.9202016592025757,-0.5261942744255066
698,Matt Andriese,91.7451550107811,2016,-2.072901129722595,7.536701440811157,,-0.5622534155845642,0.1060187816619873,,0.03091733157634735
699,Jimmy Nelson,102.77423601549566,2015,-2.684602737426758,-0.04601837694644928,,-4.175199031829834,-0.28149908781051636,8.757646560668945,-1.7059096097946167
700,Lucas Giolito,99.86690293741121,2025,3.3582022190093994,,,,3.2851991653442383,1.5115067958831787,-0.3389260470867157
701,Grayson Rodriguez,91.9429423806186,2023,-8.705826759338379,-1.5192819833755493,,,8.58663558959961,5.897965431213379,-0.95437091588974
702,Clay Holmes,99.79178914749673,2025,0.14246885478496552,1.4943001940846443,,5.824739921838045,2.541564054787159,-3.1301230788230896,
703,Noah Cameron,99.01278057200678,2025,-1.2083920240402222,2.5671045780181885,,,0.8813657760620117,5.053901195526123,10.951107025146484
704,Ryan Pepiot,99.23155043196671,2024,11.606352806091309,0.8476537466049194,,,-1.7047219276428223,,-0.8519408106803894
705,Trent Thornton,99.25131383687183,2019,2.302269458770752,-3.1676517724990845,3.605859637260437,-6.7391839027404785,,-1.6183243989944458,2.4586332738399506
706,Nick Lodolo,91.82097714029537,2022,3.5975077152252197,-0.007782943546772003,,-1.711946964263916,-2.7395412921905518,,0.6347047686576843
707,David Peterson,90.98746087954815,2024,1.3201425075531006,,,10.498255729675293,0.8493698239326477,-6.2309675216674805,0.1475912183523178
708,JT Brubaker,98.02454826260423,2022,-6.364376068115234,,,-3.8053674697875977,-3.458617925643921,-9.047968864440918,3.929060697555542
709,Brayan Bello,100.39285990717629,2025,-2.2125210762023926,3.579608738422394,,7.883496165275574,-0.04944892227649689,-0.7739015221595764,
710,Clarke Schmidt,101.23643137288549,2023,,2.6024577915668488,,-1.4358272850513458,-3.3315300941467285,-4.641462430357933,-2.1448408365249634
711,Merrill Kelly,104.08129264712007,2019,5.8497161865234375,4.301127910614014,,-1.7870492935180664,-4.512573719024658,0.05813199281692505,0.9340074062347412
712,Dane Dunning,90.70540431952132,2021,,-3.017673045396805,,5.536128252744675,-3.7012200355529785,-5.052929490804672,-0.26106196641921997
713,Andrew Cashner,98.81665498966689,2019,-7.19042694568634,-1.3557796478271484,,1.5152402818202972,12.041869401931763,4.082675516605377,-5.890592098236084
714,Dereck Rodríguez,96.11883685898441,2018,3.2697775959968567,,,0.7672154754400253,6.191194036975503,0.2783997058868408,-0.16231593489646912
715,Patrick Corbin,106.72890581169851,2024,-2.8630778789520264,-4.547688007354736,,-18.86295509338379,-5.368913173675537,5.565951347351074,
716,Matt Harvey,101.10803048227952,2021,-15.278075218200684,,,3.5840542316436768,4.689383029937744,-7.601526260375977,-6.805207252502441
717,Shane McClanahan,94.01854196114404,2023,-2.6177923679351807,,,,12.474973678588867,-0.7383529543876648,3.4479377269744873
718,Colin Rea,101.1011601041917,2025,0.8669799417257309,0.38573378324508667,,3.0696663856506348,-6.701995126903057,2.6485873460769653,1.4221024364233017
719,Nick Pivetta,92.16092486229911,2023,6.782654285430908,,-0.9831124544143677,,,7.623121738433838,-0.6172877252101898
720,Shane Baz,104.10950864589971,2025,5.7863311767578125,-3.905465602874756,,,-1.2336376905441284,-7.327839374542236,2.805732488632202
721,Martín Pérez,101.6399048074437,2019,-12.994588240981102,14.139793872833252,,-1.3732611536979675,-2.102732539176941,,-1.5451638102531433
722,Cal Quantrill,96.40581916093774,2021,-4.614093080163002,11.580819129943848,,5.4161494970321655,2.521507143974304,0.06368182599544525,1.029081106185913
723,Hunter Brown,102.53438300464944,2023,0.0955585241317749,,,0.037967950105667114,1.1199804693460464,-3.7624841704964638,-4.902620226144791
724,Jake Odorizzi,104.8052817214622,2016,7.43129825592041,-2.368255615234375,-3.0162148475646973,5.109866142272949,0.053064942359924316,1.010992169380188,-0.28960463404655457
725,Michael Wacha,95.71503946486953,2016,-2.1781002581119537,-9.640391826629639,,,0.8110703229904175,-0.037809256464242935,-0.2721443474292755
726,Kyle Gibson,104.5809848059855,2022,3.362053394317627,4.092713832855225,,-1.5998871326446533,-1.8232680559158325,-0.9603513479232788,-9.265398025512695
727,Patrick Corbin,101.3450340263714,2025,-0.7133696675300598,5.971689581871033,-0.7453780174255371,0.07479074411094189,-2.065309524536133,-7.2985352873802185,
728,Jon Lester,109.43822588958116,2018,-0.833202064037323,2.6741998195648193,,-5.449753284454346,4.759225368499756,-0.036135897040367126,-0.07608018070459366
729,Andrew Cashner,101.27004553086311,2015,0.9439780712127686,,,-6.809904098510742,-4.555756092071533,-3.408355236053467,-2.02510666847229
730,Lance Lynn,93.58103705968098,2022,11.725116729736328,1.0695456266403198,,-6.0080413818359375,-5.70398473739624,-0.9354509711265564,-0.7887811064720154
731,Marco Estrada,108.09957960973323,2015,9.910204365849495,-1.9651739597320557,,-0.023963309824466705,12.634900093078613,,-0.8342020213603973
732,Alex Cobb,95.02916532270874,2023,-1.0405124425888062,,1.9225003719329834,4.4254302978515625,,-4.732593536376953,-2.7835469245910645
733,Tanner Bibee,105.56034337506725,2025,-4.732629299163818,,,-0.16497088968753815,-1.764689326286316,9.96126651763916,-0.14076080918312073
734,Bryce Miller,96.94107151343921,2023,4.219024658203125,2.2775559425354004,,1.432453989982605,0.7708776593208313,-1.4948880672454834,-1.4728286266326904
735,Ian Anderson,98.44814871281952,2021,10.488584518432617,,,,6.070239067077637,,-4.37136173248291
736,Trevor Bauer,106.9932900678166,2015,-3.0878076553344727,0.23027223348617554,2.1380298137664795,5.044525474309921,-1.4008796215057373,3.9140376448631287,0.6103679239749908
737,Dean Kremer,96.5578625251174,2022,8.696536898612976,9.477142572402954,,-2.9149022102355957,-5.370661735534668,,-4.031368400901556
738,Daniel Norris,100.55571003647502,2019,-8.016200065612793,,,-3.072073459625244,4.054978847503662,6.9220582246780396,-1.9914146661758423
739,Quinn Priester,97.54324480587913,2025,,-1.9738349914550781,,7.771526336669922,-0.814116358757019,1.2596734762191772,1.5066790580749512
740,Tyler Anderson,106.78628697228747,2018,-7.983996868133545,2.0067806243896484,0.05668916553258896,-2.2467687129974365,4.975142002105713,,0.20289893448352814
741,Jon Gray,94.88505874352518,2022,3.7933053970336914,,,,2.72426176071167,5.709227085113525,-1.311448574066162
742,Framber Valdez,94.95420879090547,2021,-0.27893170714378357,,,3.242825984954834,-0.9087146520614624,,8.268424987792969
743,Drew Smyly,109.05668055158162,2016,14.598556518554688,-11.431315422058105,0.04207627847790718,0.01773427426815033,-4.500067234039307,0.19422543048858643,-3.2845425605773926
744,R.A. Dickey,110.0180877582816,2015,0.7910194993019104,,,-2.925117015838623,0.5621960759162903,,0.17555812001228333
745,Mike Foltynewicz,101.24599062479,2017,-3.1988322734832764,-0.030199924483895302,,-7.0056986808776855,-3.8037807941436768,1.590716302394867,2.4634244441986084
746,Kutter Crawford,113.85966574503334,2024,-4.135695934295654,5.300527572631836,0.7943609952926636,,,-3.374814033508301,2.9802119731903076
747,Trevor Bauer,93.76207539302612,2021,9.122981071472168,-3.6824419498443604,,6.037969589233398,-0.20359481871128082,5.389246463775635,-3.4345057010650635
748,Jared Jones,98.43072397317624,2024,1.6001530885696411,,,,-4.037001132965088,7.6100287437438965,-4.4542388916015625
749,Chase Anderson,105.17254900986927,2015,1.0787646770477295,-0.4537641704082489,,-9.360577583312988,7.63222074508667,,-3.401940107345581
750,Matt Waldron,105.2556044224547,2024,-3.1392468214035034,3.9308422803878784,,1.8669466376304626,,1.9904091358184814,
751,Johan Oviedo,102.90858741634905,2023,-11.84172534942627,,,,-1.4856122732162476,8.210206031799316,4.693739891052246
752,Andre Pallante,93.26195343107683,2024,13.058430850505829,,,-0.7504315823316574,,-2.106647253036499,1.0664199590682983
753,Matthew Liberatore,99.23658538778675,2025,-3.8938546180725098,-5.45892858505249,,-1.455043911933899,5.762362480163574,1.3831976652145386,0.2795999348163605
754,Bryce Elder,103.00925238175545,2023,-2.375342845916748,,,-1.8574469089508057,4.180983543395996,11.473546028137207,
755,Jason Vargas,108.44494149803845,2017,-2.3979103565216064,-0.06172488257288933,,-18.60903549194336,21.149883270263672,,5.097133636474609
756,Jon Gray,89.91906777019796,2024,-5.080131769180298,,,,-1.6462554335594177,5.789456009864807,-0.5380277037620544
757,Blake Snell,98.83900571556413,2017,2.303386688232422,,,-0.050659872591495514,7.535300254821777,-0.7644805908203125,2.135822296142578
758,Rich Hill,98.67478521413543,2022,-9.260030746459961,2.299328565597534,,1.228623628616333,0.6040042638778687,-2.254300832748413,1.4396380186080933
759,Rick Porcello,105.23424649892443,2019,-0.8882933259010315,,0.04557297006249428,8.568619728088379,-6.657832622528076,-6.075607776641846,-2.6788554191589355
760,Sean Manaea,103.47262685923366,2018,8.925714492797852,,-0.8037532567977905,,6.927553176879883,-2.239692211151123,
761,Chris Paddack,90.08929216462586,2021,-3.628851056098938,0.168516144156456,,,-0.5873988270759583,-0.028536662459373474,0.8927452564239502
762,Taijuan Walker,102.2817980660615,2015,10.447319030761719,-0.04601837694644928,-5.23104190826416,-0.4770526587963104,0.2405749261379242,-2.3753788471221924,-1.1906439065933228
763,Jhoulys Chacín,96.20548535311914,2016,-6.62601113319397,-6.89958268404007,0.07814765721559525,-3.3462174758315086,-0.9388343393802643,11.341286420822144,4.060665659606457
764,Simeon Woods Richardson,101.66154999306085,2024,8.57935905456543,,,,-14.757397651672363,4.6725287437438965,3.5772719383239746
765,José Urquidy,98.06814002201541,2021,11.55114459991455,,,,1.9418936967849731,-2.783463716506958,0.5877284407615662
766,Eduardo Rodriguez,98.89509120211693,2015,3.9039599895477295,0.6557109355926514,,1.7106879949569702,5.325493812561035,-8.489240646362305,
767,Jack Flaherty,101.70949304432489,2023,-6.40083809196949,-0.2041783332824707,,-0.2772749066352844,-0.3064635470509529,-8.325923800468445,1.1818733215332031
768,Brandon Williamson,100.70434665933072,2023,-1.1269197463989258,10.202326774597168,,0.041571687906980515,-1.6354146003723145,-2.9506328105926514,-2.1524460315704346
769,Alex Colomé,89.95404144317777,2015,4.581398844718933,0.9780960083007812,,,-0.35706961154937744,,2.549023985862732
770,Lucas Giolito,99.54591424720262,2022,-4.834316253662109,,,,-1.326642632484436,-5.49252462387085,-1.3219265937805176
771,Wade Miley,105.13238475424446,2016,-1.726364441215992,1.33639457821846,,-11.120296955108643,1.4416778087615967,-1.2237188816070557,-1.1021759510040283
772,Jorge De La Rosa,101.00179831835361,2015,-5.542546272277832,-6.0329718589782715,12.840095520019531,,,,-0.12037535011768341
773,Griffin Canning,98.74956530426955,2023,-4.003140926361084,,,,7.300700783729553,0.1348278522491455,-0.17769783735275269
774,Brandon Pfaadt,104.30974359618735,2025,-2.2788703441619873,4.377661228179932,,4.346467971801758,-2.0428850650787354,-11.372193336486816,-9.435094833374023
775,CC Sabathia,100.06495576727066,2017,0.9435355067253113,0.7961245775222778,,-2.09104323387146,1.1732934713363647,7.643940448760986,
776,Christian Friedrich,101.70955057762728,2016,-0.42616963386535645,-0.6004173755645752,,0.022516785189509392,0.007483232766389847,6.71886382997036,-2.3762317933142185
777,Kenta Maeda,95.95888127222237,2017,7.0765082240104675,4.090427398681641,,-0.9709446430206299,-4.447076916694641,3.0671987533569336,1.00536647439003
778,Hisashi Iwakuma,93.92589252973661,2015,9.9288330078125,0.933986246585846,2.0080912113189697,-1.3520625829696655,,1.043523907661438,1.771325945854187
779,Carlos Rodón,94.07376220343669,2015,-0.41144758462905884,0.04820410534739494,,-5.620183229446411,-3.442099906504154,10.428112864494324,0.0372450090944767
780,Rich Hill,98.86402644877481,2018,7.086134314537048,-0.24813997745513916,,-1.6472691297531128,0.7099913954734802,0.03098742850124836,0.46344324946403503
781,Cole Hamels,100.97112055394642,2017,6.359683036804199,5.4704999923706055,,-5.608757972717285,6.972179412841797,0.18369188904762268,-1.8569366931915283
782,Michael Lorenzen,102.48129040510459,2023,7.878174513578415,-2.313373565673828,,4.963863134384155,0.5920001864433289,3.025044471025467,-1.1188238263130188
783,Stephen Kolek,92.05651812349106,2025,1.9890284538269043,4.755457162857056,,7.617327928543091,6.394241094589233,-3.0768281519412994,-0.07104004174470901
784,Edinson Volquez,109.70893967628761,2016,-2.0339114665985107,,,-21.21868324279785,4.818376541137695,0.21598808467388153,-4.443163871765137
785,Alex Wood,98.08626208101624,2022,0.2994399070739746,,,-0.7445863485336304,1.673248291015625,-1.2198197841644287,
786,Adrian Houser,91.009021449966,2023,1.5771771669387817,,-1.5692845582962036,3.818082571029663,,-2.8001155853271484,-1.6298016905784607
787,Jason Vargas,108.25224579041303,2019,-1.2906908690929413,,,-7.837384104728699,9.18588961660862,,2.7401840686798096
788,Rick Porcello,104.10579632275049,2015,4.020497798919678,-0.2508470416069031,,0.02869788557291031,-5.633902072906494,-4.07608699798584,-3.8485453128814697
789,Bailey Falter,105.66584088049657,2024,6.216617107391357,,,2.2502148151397705,-0.8357787728309631,1.0838549137115479,-4.121442794799805
790,Mike Fiers,111.23440020260875,2019,-0.04830990731716156,4.380115509033203,4.61303186416626,4.507893085479736,,-0.7863228917121887,5.630671977996826
791,Rich Hill,104.740819739312,2021,0.24086815118789673,1.3917282819747925,,-1.0591138452291489,1.4780568331480026,-2.456423580646515,5.772313416004181
792,Sandy Alcantara,103.69613802218596,2025,-6.189539432525635,,,11.105775833129883,-2.585822105407715,-0.05426349863409996,-1.9540822505950928
793,Jameson Taillon,90.69293575573224,2016,-1.7737388610839844,,,1.5953974723815918,4.318692207336426,,4.558333873748779
794,Tommy Milone,105.21807659282044,2015,-5.643761236220598,1.0566558241844177,,-2.143035888671875,5.122714132070541,0.2955641448497772,-0.4161267727613449
795,Luis Perdomo,102.73489303508775,2017,-0.05979996919631958,,-3.352430820465088,5.226259708404541,0.13903364539146423,-3.3510794639587402,-2.8267135620117188
796,Eric Lauer,94.45677946568914,2021,-2.228750467300415,1.8723410367965698,,,1.477065086364746,7.0658188462257385,5.1977692395448685
797,Logan Allen,106.48384425511335,2025,-1.4863547682762146,1.4225677102804184,,5.481521585956216,-4.949451804161072,-3.2896140813827515,
798,Taj Bradley,104.02154062287879,2025,-3.9126054793596268,2.810066044330597,-1.7547015100717545,-1.1211994029581547,,,4.602515459060669
799,Jon Gray,103.5588374484223,2023,-18.335054397583008,,,,4.800278186798096,21.97496223449707,-2.2344255447387695
800,Ubaldo Jiménez,101.05408254340578,2016,-1.620600700378418,0.8525579571723938,0.4832267761230469,-9.35866403579712,0.6833481416106224,3.707783341407776,-2.607525020837784
801,Logan Allen,98.97538795504003,2023,-1.529303789138794,-3.3117005825042725,,,6.549046516418457,-3.6398236751556396,
802,Carlos Rodón,104.83733892854347,2024,-0.162453755736351,-2.541916608810425,,,5.747567176818848,-3.673738479614258,-2.8763673305511475
803,José Ureña,106.05900180837827,2018,0.5959036350250244,,,12.454148292541504,-4.642966270446777,5.707845687866211,0.1597180962562561
804,Matt Harvey,110.4272392935834,2018,-5.336993396282196,,,0.2569235488772392,-9.852518990635872,7.892047047615051,-1.4140346348285675
805,Seth Lugo,93.09716990394159,2017,9.563218832015991,,0.1984243392944336,-4.900369048118591,-4.549669682979584,0.3793606795370579,-1.633823275566101
806,Andrew Heaney,93.97556298368697,2015,0.0372450090944767,,,2.4908339977264404,1.1231842041015625,0.0,5.580066204071045
807,Robbie Erlin,81.93990529508477,2018,1.1768808364868164,-3.5285357236862183,,1.6370155811309814,3.9756274223327637,0.2675681710243225,3.0962494611740112
808,Hunter Greene,102.80496799405452,2022,-6.908961296081543,,,,-2.992202043533325,5.371516227722168,
809,Madison Bumgarner,96.86090075840829,2017,-1.9714441299438477,11.40815258026123,,-0.030199924483895302,-1.7309248447418213,0.3382219076156616,1.1378132104873657
810,Wade LeBlanc,102.32171023797486,2018,2.9412916749715805,10.983978390693665,,-8.145233154296875,0.01793251931667328,-1.2193704545497894,0.0929761715233326
811,Robbie Ray,109.57463678392818,2022,7.52631139755249,,,-4.649908542633057,-0.7322081327438354,6.46657657623291,-5.659534454345703
812,Spencer Arrighetti,103.2261286559128,2024,-12.365484297275543,2.7652268409729004,,-1.2912689447402954,-5.4093197286129,1.4119745567440987,5.275445520877838
813,Kyle Hendricks,111.2997802565343,2025,0.2544330358505249,,,-4.133795261383057,5.5118818283081055,,-6.879123210906982
814,Kenta Maeda,93.86236350451517,2023,1.4725667536258698,-0.10151799768209457,8.666438639163971,-0.8112641237676144,,-0.21755385398864746,-1.4864451065659523
815,Julio Teheran,106.25033977789961,2019,3.1208910942077637,,,19.140045166015625,2.498976707458496,-12.221404075622559,-3.1837782859802246
816,Mike Leake,108.53650841232208,2015,-0.05915964022278786,6.890398859977722,,3.0760610103607178,-3.592750906944275,6.172487497329712,4.590727984905243
817,Dean Kremer,105.64607350876214,2023,3.610196590423584,0.07880853861570358,,8.477849006652832,-4.880262851715088,-1.4119459390640259,-5.9528021812438965
818,Yordano Ventura,110.19742738543292,2016,-18.11367416381836,,,2.1380362510681152,0.04065669700503349,,10.752860069274902
819,Kevin Gausman,89.73767724941897,2019,-4.560456335544586,,3.328956812620163,-0.02982518821954727,-1.188408613204956,-1.2158438563346863,
820,Kenta Maeda,97.0825482909887,2021,-4.528733253479004,,1.8160940408706665,-3.261470079421997,,3.777549982070923,1.0025572776794434
821,Mat Latos,97.96859126867496,2015,-0.20274150371551514,,4.390434801578522,-0.8538582026958466,-0.9615706987679005,-7.6774972304701805,0.02737174555659294
822,Jordan Lyles,104.76667930137151,2019,4.614621639251709,,,0.09817633032798767,-2.157286137342453,-2.3125654458999634,0.40953850746154785
823,José Suarez,96.69305451417416,2022,-4.850792348384857,,,6.149948060512543,-3.0197532176971436,2.934653550386429,-0.3350459933280945
824,Adrian Houser,87.04955205140853,2019,1.7538023591041565,,,11.398121356964111,-1.9247729182243347,-3.452454924583435,-1.2158948183059692
825,Steven Matz,106.49697526760028,2019,0.24306857585906982,,,0.45898066088557243,2.357144773006439,0.0395348034799099,-1.8728963285684586
826,Brayan Bello,105.48555985996123,2023,-10.30072021484375,-3.5250771045684814,,5.066662311553955,8.475884437561035,-7.146579742431641,-0.40684738755226135
827,Jose Quintana,110.45273512437701,2018,11.38757038116455,,,-3.6021666526794434,-6.217869281768799,0.05668916553258896,-1.2315372228622437
828,Pablo López,99.44476910115968,2019,2.2161521911621094,,,1.6331493854522705,3.0877866744995117,,-3.684767961502075
829,Josiah Gray,112.2634879735011,2023,-4.198103427886963,-1.047160267829895,,-1.655548095703125,1.0971360206604004,-0.9628121256828308,2.106675624847412
830,Adam Conley,104.21973706876209,2016,-9.239354133605957,,,,3.5543739795684814,9.207928657531738,-0.08375340700149536
831,Seth Lugo,79.2288267407785,2018,9.050972655415535,,,1.1104840636253357,0.2749134302139282,-3.9160919189453125,9.38977575302124
832,Tyler Mahle,101.13292498894847,2019,3.3470683097839355,-5.507297039031982,4.891518592834473,-0.050806157290935516,-0.04190467298030853,0.04557297006249428,0.23873376846313477
833,Zach Davies,102.51626294057006,2019,0.05465850979089737,-3.096214771270752,,-0.46486079692840576,19.662992477416992,-0.6864959597587585,-3.3266868591308594
834,José Soriano,93.64709602655974,2024,-5.302108645439148,,2.263292908668518,17.303060293197632,,-0.07533907890319824,-1.9902760982513428
835,R.A. Dickey,110.27264663257435,2017,8.321858406066895,,,1.1534055471420288,-2.026238441467285,-0.006824515759944916,-0.40637898445129395
836,Jeff Samardzija,108.66029359034242,2019,10.920145034790039,13.667274475097656,-3.4130871295928955,-2.3667733669281006,,8.514756202697754,-2.7391016483306885
837,Jakob Junis,107.16404473932238,2019,-15.281146049499512,,,-5.513767242431641,-1.8270437717437744,14.751304626464844,
838,Jameson Taillon,107.02859957989635,2023,-4.385698139667511,-1.8308811783790588,,0.9900378286838531,-0.1716773808002472,4.538590312004089,-2.0648531317710876
839,Mike Fiers,105.89684291213733,2016,-12.865418374538422,-0.23526394367218018,0.8998779952526093,-1.3592151403427124,,1.3498694002628326,-2.7207062393426895
840,David Peterson,91.92889994979176,2022,2.0171805024147034,,,-2.569674700498581,-0.30559343099594116,4.484009265899658,-0.8811337947845459
841,Michael Wacha,104.42056380826266,2022,-9.942448616027832,4.723294734954834,,7.1796064376831055,6.3007588386535645,,-3.161437749862671
842,Jordan Lyles,112.02669910567924,2022,-4.1769633293151855,,,-3.6632652282714844,-6.991289138793945,1.4196765422821045,-0.2842135429382324
843,Ervin Santana,102.04530979378809,2015,-5.110693454742432,,,-0.7803324460983276,-0.7230545282363892,9.350129127502441,
844,Taj Bradley,102.88968174259708,2024,0.0012307912111282349,5.250102519989014,2.9064242839813232,,,,-3.083838701248169
845,Reese Olson,93.4405814790592,2023,4.703628063201904,,,3.6298079267144203,2.441700890660286,-0.8880789279937744,0.2402038276195526
846,Sonny Gray,96.081650630262,2018,-5.037537515163422,-1.4992955327033997,,1.7563738524913788,-4.8636250495910645,0.9231643117964268,1.0891621112823486
847,Albert Suárez,103.88070856726573,2024,-3.692058742046356,,,,-1.9355698823928833,2.5279775857925415,1.8301062285900116
848,Kyle Freeland,103.3923112181397,2021,-1.024451732635498,-4.365476608276367,,-3.1858737468719482,-5.099076747894287,5.758001804351807,
849,Johnny Cueto,99.74810218787971,2021,7.9915008544921875,,,0.21709632873535156,-7.196721971035004,-6.427011966705322,-0.8196501731872559
850,Kevin Gausman,98.01224110201504,2015,0.3034226782619953,,-1.243044689297676,0.18220537900924683,-1.4526869282126427,-1.4242964759469032,-2.580338478088379
851,Junior Guerra,104.44015750364717,2018,1.1938293278217316,,0.7700762450695038,-8.676582962274551,,-4.278888702392578,2.657853841781616
852,Nick Pivetta,111.56565458447888,2022,2.517322301864624,,-6.649538993835449,,,6.812666416168213,-13.992526054382324
853,Trevor Richards,104.73386559711085,2019,2.837393283843994,,-0.0965895727276802,0.04557297006249428,10.203061878681183,-3.8885795772075653,-5.251406788825989
854,Alex Cobb,108.67563614909096,2018,0.44485577940940857,,-3.0008018016815186,0.47833719849586487,0.3784360885620117,,-14.83399772644043
855,Zach Eflin,106.79730142900674,2019,3.0205293893814087,0.510820209980011,,-3.114402174949646,-4.1713410541415215,3.5542264580726624,-1.5139483027160168
856,Paul Blackburn,95.70474987658346,2023,-6.7655651569366455,-9.109070479869843,,-2.8401941657066345,4.230613872408867,1.5876641273498535,3.7294576354324818
857,Madison Bumgarner,102.8293692772744,2018,-8.81069564819336,7.433279991149902,,,-0.2884281873703003,,7.336162567138672
858,Adrian Houser,101.34212627320957,2021,-1.352842628955841,,,25.625356316566467,-5.840445831418037,-0.7085668295621872,-5.171547174453735
859,C.J. Wilson,101.34367276648555,2015,-3.3990976810455322,-0.07371237128973007,,4.388154029846191,6.094673156738281,2.4161696434020996,-2.9636950492858887
860,Taijuan Walker,109.22408057696504,2021,1.9195075035095215,,-0.24802637100219727,4.150450646877289,,3.4806140065193176,0.8688990473747253
861,Miguel González,109.01062922317328,2017,-2.468804657459259,,-2.169786274433136,-2.0529133677482605,,-5.049315929412842,0.6871495246887207
862,Jakob Junis,111.30015921601259,2018,-7.331596374511719,,,-2.8922722339630127,-3.618359327316284,6.5642523765563965,-3.1344919204711914
863,Taylor Jungmann,98.24273561770346,2015,-2.9685726165771484,,,-2.7019457817077637,-0.14311271905899048,,7.743131637573242
864,Luis Severino,91.09865449437577,2022,12.535667419433594,-0.28113672137260437,,-0.3178580105304718,-2.535637617111206,3.5413355827331543,
865,Mike Montgomery,97.91477351244652,2018,-0.23885905742645264,-1.2574674189090729,,-7.384276866912842,11.196444988250732,-0.026440227404236794,-0.8901146650314331
866,Dean Kremer,106.05177884493327,2024,-1.7489348649978638,1.6617884635925293,2.8922765254974365,2.7695484161376953,,,0.7188374996185303
867,Alec Marsh,105.05727453901548,2024,4.185253664851189,,,-4.6145277582108974,1.8051897287368774,-3.926199108362198,-3.1692670732736588
868,Michael Fulmer,104.84658192886995,2018,4.328436374664307,,,-2.6487834453582764,-4.760899066925049,1.3731675148010254,
869,Brett Anderson,103.53317501489816,2015,-4.075497150421143,,,-0.47983360290527344,-0.4688834547996521,7.906996726989746,-2.9578769207000732
870,Kyle Gibson,110.7942967830408,2024,-5.506722927093506,1.573967456817627,,1.1276110410690308,3.821092128753662,3.14050555229187,-3.1543939113616943
871,Graham Ashcraft,110.03305232409977,2023,,1.7343106269836426,,-2.7526111602783203,,-2.694958209991455,
872,Mike Fiers,111.6997629467489,2018,3.4086035192012787,-4.18691223859787,-3.6978623121976852,-0.18184694647789001,,1.8689443469047546,3.921801805496216
873,Jaime Barria,107.06874122725054,2018,-7.3168158531188965,,,-3.5800490379333496,-0.5416257381439209,16.797889709472656,
874,Dinelson Lamet,101.4119720703041,2017,-3.2437846660614014,,,-1.3840316534042358,-1.5953449010849,10.966914176940918,-0.09486648440361023
875,Adam Wainwright,101.54800466891413,2017,-1.3636528253555298,-0.21093390882015228,,2.133575201034546,-0.4185405168682337,,-3.154887557029724
876,Jordan Zimmermann,102.78804427048493,2016,-14.199334882199764,,,-0.5330796241760254,-1.296791672706604,3.9325322154909372,3.649334028363228
877,Antonio Senzatela,98.69667293777974,2017,10.218080043792725,0.04318779706954956,,,-1.0898916125297546,-5.988035202026367,0.4807475507259369
878,Nate Karns,103.55799127908554,2015,-10.867035150527954,,,2.8175323605537415,-0.6061200797557831,,9.108945369720459
879,Kodai Senga,100.18237736017585,2025,-5.547618389129639,0.43717432022094727,7.4971137046813965,-0.2503696084022522,,-2.1112008094787598,-0.2948228418827057
880,Marcus Stroman,91.75518448414161,2018,-0.7053684592247009,2.2297136783599854,,-4.88641357421875,-3.5671298503875732,2.4478673934936523,0.07174225151538849
881,Charlie Morton,108.82156715779145,2022,-8.36925220489502,,,0.558775782585144,-0.4395274221897125,-2.4528653621673584,8.556849479675293
882,Gavin Williams,106.98409553153056,2025,-5.824271202087402,1.4320955276489258,,1.917663812637329,-0.2073475867509842,3.811624526977539,6.439676284790039
883,Casey Mize,95.37479714881498,2024,-1.9274775683879852,,-3.524042010307312,0.5773446559906006,,-2.2750638127326965,-2.955140184611082
884,Adrian Sampson,97.2201859933929,2022,4.258186459541321,,,3.234822154045105,2.213706076145172,-1.580258846282959,
885,Cade Povich,100.2872309557108,2025,3.6576040983200073,-0.03882952034473419,,-1.3490681052207947,0.5284926295280457,-8.987974464893341,-5.400385320186615
886,Mike Foltynewicz,105.5106722162602,2016,-1.5885964632034302,,,1.087335228919983,1.059205412864685,-1.133719563484192,-2.5463645458221436
887,Madison Bumgarner,112.86416197298354,2021,4.132473468780518,1.7231285572052002,,-2.8280889987945557,-2.6932709217071533,,-0.7162092924118042
888,Joe Biagini,95.91665186316781,2017,-0.8443880081176758,-5.121641278266907,,,2.6298409700393677,,0.284141480922699
889,Julio Teheran,116.54778280313913,2015,3.8214519023895264,,,-1.2224539518356323,-2.7847859859466553,1.4131616353988647,-1.9162932634353638
890,Juan Nicasio,92.3426347379221,2016,7.712075471878052,,-0.7135712876915932,-2.3179294168949127,-0.9782114662230015,-7.793259263038635,0.5066520944237709
891,Nick Martinez,90.23895814504303,2023,-0.40724892914295197,-6.189551472663879,,3.291127026081085,11.96849775314331,0.09631094336509705,2.4550219029188156
892,Graham Ashcraft,99.04506825654647,2022,3.3510377407073975,,,-4.492332458496094,-1.37425696849823,-5.247842788696289,
893,Yonny Chirinos,101.64598230130719,2019,-0.2058221474289894,,6.149411559104919,4.50614994764328,,4.1597770601511,
894,Cole Irvin,110.57055160008535,2022,10.334396362304688,-0.6643357276916504,,-1.9437041282653809,6.688526153564453,-4.136091232299805,-3.104595899581909
895,Alfredo Simon,116.20368997077743,2015,0.7493123412132263,-1.0238332748413086,-5.563557147979736,-5.743363380432129,-0.8864202499389648,,-3.5858867168426514
896,Drew Hutchison,108.42313867061931,2015,-8.016128838062286,,,-3.2594646215438843,-0.2730509340763092,-7.104084730148315,
897,Eduardo Rodriguez,112.97652903088242,2025,-6.229228496551514,-0.6994509100914001,,-2.7782576084136963,-6.051682472229004,-3.5932281017303467,0.200514554977417
898,Daniel Norris,98.61235769138929,2017,-15.753733515739441,,,,3.0966666787862778,-0.868116706609726,0.6284071803092957
899,Eric Lauer,91.15551802497758,2025,10.578350901603699,-2.442640960216522,,,-5.1914903819561005,3.1107221245765686,0.9201376289129257
900,Zac Gallen,103.45336916591621,2021,8.155567169189453,-3.197323799133301,,-0.12491582334041595,-1.5196709632873535,-5.311482906341553,-0.1818782538175583
901,Zack Littell,115.58863601577356,2025,5.266721487045288,,-1.8444663286209106,1.2005715370178223,,0.22051042318344116,
902,Jakob Junis,95.1419071128183,2022,1.983449101448059,0.039891187101602554,,-0.028627991676330566,-10.49662983417511,1.7216085195541382,
903,Brad Lord,100.51071189847843,2025,-0.5583457946777344,,,8.363755464553833,0.7906198501586914,-7.466005325317383,
904,Jeff Locke,103.43039172810794,2015,-2.0780529975891113,,,-4.5033135414123535,2.169482707977295,0.30046406388282776,0.65867680311203
905,Michael Lorenzen,109.00945213108403,2025,-5.397643566131592,-0.5073012486100197,,1.5446077063679695,1.0092280507087708,0.06915846467018127,-6.973692417144775
906,Joe Ross,101.55753210682414,2021,-3.3397350162267685,,,4.386424630880356,-3.3669819831848145,3.361914187669754,
907,J.P. France,109.35410083752681,2023,-2.7896445021033287,2.1172333657741547,,,8.378275230526924,-4.54410856962204,0.3679031766951084
908,Danny Duffy,106.29393664407338,2019,-3.2939743995666504,,,6.130199432373047,2.4949214458465576,1.7963407039642334,-1.2896753549575806
909,Austin Gomber,102.95819489162001,2021,-7.625442981719971,,,,4.965206623077393,5.964546203613281,0.6928375959396362
910,Julio Urías,103.98066133289123,2023,0.9232515096664429,-0.7185298800468445,,,-8.813791275024414,,4.624642372131348
911,Mike Montgomery,94.01477581615197,2017,7.814327239990234,-1.695981953293085,,7.5688488483428955,5.676429748535156,,1.783102422952652
912,Lance Lynn,108.00080663864249,2024,7.37300968170166,-3.762686252593994,,0.00959806889295578,-3.081515312194824,-0.9810532331466675,-3.32568359375
913,Aníbal Sánchez,115.28114797985269,2015,-7.168308258056641,-0.33065366744995117,-0.7516161203384399,1.9768484830856323,1.4646563529968262,-6.40553617477417,1.434444785118103
914,Kyle Gibson,108.90536978818228,2016,-13.217071533203125,,,-5.271883010864258,0.3058874011039734,2.394662857055664,0.6649685502052307
915,Michael Pineda,99.69874664492329,2021,1.9650796949863434,,,,-4.28018581867218,-1.3569181263446808,
916,Chris Heston,109.17705470906921,2015,-4.950836181640625,,,12.126317977905273,-1.9521479606628418,-2.63777494430542,2.408491373062134
917,Tyler Anderson,115.17283426056895,2024,-8.903594017028809,-2.337247371673584,,-3.675902843475342,14.27868366241455,0.47887420654296875,-0.09434033930301666
918,John Danks,109.38484905726817,2015,-2.3238329887390137,-3.8143696784973145,,-2.991870164871216,-2.430953025817871,,-4.123076915740967
919,Luke Weaver,111.74577117347094,2018,-0.02379918098449707,0.07037325203418732,,1.1567732654511929,-5.806261777877808,0.06968460977077484,-6.206432104110718
920,Germán Márquez,112.42037573895595,2022,-9.350763320922852,,,-5.157712459564209,-2.5356361865997314,-4.143921375274658,5.526102542877197
921,Jason Hammel,108.38354843330848,2016,0.29687240719795227,,,1.499890923500061,-1.5770787000656128,7.8811516761779785,-3.3784310817718506
922,Ryan Yarbrough,108.1463913646069,2021,2.5067126750946045,-8.095131158828735,,,-4.25409996509552,7.015144109725952,
923,Danny Duffy,112.76872829452456,2018,2.5659525394439697,,,-0.7645708918571472,-2.1364011764526367,-10.052308082580566,0.5036346316337585
924,Dylan Covey,102.12174985363531,2018,-0.6369200199842453,0.16536211967468262,,-2.9666307866573334,5.359712839126587,-5.426279604434967,-2.7820284962654114
925,Jordan Zimmermann,104.42464256027988,2019,-1.7754954099655151,,,-0.9939722418785095,-0.961264431476593,-8.536667823791504,-5.9189534187316895
926,Nick Pivetta,109.97729510659528,2017,-7.981229305267334,,,-0.7053512930870056,-2.2081453800201416,1.7801827192306519,-4.920204162597656
927,Mitch Spence,106.59050596031375,2024,,-3.6062455475330353,,-6.4321412444114685,-1.401570200920105,0.05259549245238304,-2.2616482377052307
928,Danny Duffy,112.02695626153725,2015,7.297546625137329,0.4521821439266205,,1.0280749648809433,-4.24571168422699,-4.915957182645798,0.2024679183959961
929,Trevor Richards,102.85491104301234,2018,-13.106891632080078,,,-0.10041549801826477,14.442302703857422,,-3.2024998664855957
930,José Berríos,110.40145012522913,2025,-1.8305744547396898,-0.47990307211875916,,3.79659366607666,-1.3998106718063354,-1.6311157643795013,
931,Tyler Duffey,109.65704816109263,2016,-14.715834617614746,,,-6.848058223724365,-1.8452259302139282,1.3349413871765137,-2.5331168174743652
932,Rafael Montero,102.97494822861793,2017,-5.320939064025879,,,-2.6303736567497253,-1.852253794670105,0.8491378426551819,0.019023217260837555
933,Casey Mize,110.88009732166833,2021,-1.4844155311584473,,2.3517630100250244,-5.315242767333984,,12.050888061523438,0.873161792755127
934,Kwang Hyun Kim,103.94948435880934,2021,-1.360267549753189,,,0.2088756263256073,-1.2747033834457397,7.530024886131287,1.2315944135189056
935,Iván Nova,113.05649922588746,2018,-3.013237953186035,-0.036135897040367126,,-3.1753439903259277,-5.317152500152588,0.05668916553258896,4.078467845916748
936,Travis Wood,87.4243763797593,2015,14.088712692260742,-2.1876588463783264,,-1.0239791870117188,-3.3122168481349945,0.4858071804046631,-1.3339739441871643
937,Dan Straily,114.95574324500652,2016,-1.5393080115318298,0.053064942359924316,,2.4900872111320496,-0.20481550693511963,12.00083863735199,-0.463064506649971
938,James Kaprielian,104.11305699871164,2021,-3.141421288251877,,,1.6320685148239136,-0.43872833251953125,2.1688281297683716,2.4043859392404556
939,Jake Odorizzi,109.20222611221186,2022,-0.02720928192138672,1.8893860578536987,-0.5045642852783203,0.38708941638469696,,-0.5131253041327,-1.2514367997646332
940,Cal Quantrill,97.8929965150406,2019,3.461983799934387,,,8.162744045257568,-3.6878554075956345,-1.3193904161453247,-2.0743493735790253
941,Joe Kelly,105.32493827207531,2015,1.087272047996521,,,-5.7394514083862305,1.86353600025177,-4.5180230140686035,-2.4586682319641113
942,J.A. Happ,112.04286922653472,2019,-0.360180526971817,,,9.356630086898804,-5.3212209939956665,-2.2388932704925537,-0.008302778005599976
943,James Shields,118.41283421474137,2018,-4.239606112241745,-2.0977627262473106,,1.332407895475626,0.16930408775806427,,-3.7276253700256348
944,Lance Lynn,113.87509573477112,2017,7.717819690704346,5.149431228637695,,10.029940605163574,-5.876038074493408,,-2.7231287956237793
945,Matt Garza,103.0581847456214,2016,1.6017746925354004,,,3.1678965091705322,-2.5341944694519043,-7.810908317565918,-3.8328568935394287
946,Ty Blach,108.38335582836386,2017,14.151517629623413,,-0.030199924483895302,-0.19656682014465332,-1.2103350758552551,0.6041358113288879,-5.594410747289658
947,Drew Smyly,108.28381724339522,2022,,-2.848867177963257,,-1.2070623636245728,0.20392444729804993,,1.3319891691207886
948,Jake Peavy,105.08264643993351,2015,6.610713481903076,9.232599258422852,,-4.495505332946777,-0.6015954613685608,-2.6055150032043457,1.3242827653884888
949,Frankie Montas,113.04305015060731,2024,-0.3255292773246765,-6.423138089478016,-1.090922273695469,5.944501161575317,,-5.557038307189941,
950,Zack Greinke,111.47272788768483,2021,3.716608326882124,,-0.04541132599115372,-2.883697986602783,8.156357884407043,-2.31033231317997,0.6352991387248039
951,Aaron Harang,120.54018475466522,2015,5.993809700012207,-3.0906929969787598,,-2.164015769958496,-8.031586647033691,-5.0872697830200195,-3.692988395690918
952,Chris Flexen,115.72058821592485,2024,-6.3267271518707275,-6.022102773189545,,,-5.798686385154724,-6.145060181617737,1.4471962451934814
953,Eduardo Rodriguez,105.63594583172569,2016,3.7764320373535156,-4.01790714263916,,-0.26809075474739075,1.3451417684555054,0.07486702501773834,
954,CC Sabathia,111.71787055239292,2015,-0.8789489269256592,0.1658467799425125,,-7.869039058685303,-2.07279896736145,-5.579358100891113,
955,Tanner Houck,103.13384022212857,2023,-5.104832649230957,1.712702751159668,-2.609919548034668,-2.3755311965942383,,6.5553879737854,
956,Austin Gomber,113.77255939335144,2024,-13.519183158874512,,,-0.26727595925331116,-0.8296253681182861,-0.7511993646621704,-0.44426393508911133
957,MacKenzie Gore,111.27360255609932,2023,-3.9499964714050293,,,,0.7832924127578735,4.0166707038879395,-4.385027885437012
958,JP Sears,119.48097786257124,2024,-8.982812881469727,,,4.987681865692139,-1.3396353721618652,-0.6643010973930359,
959,David Phelps,106.55453567098834,2015,4.814964115619659,2.842909514904022,,-7.87585911154747,-1.1707831025123596,,-0.979202926158905
960,Jordan Zimmermann,116.56302920079757,2017,-24.753095626831055,-0.0449310839176178,,-2.197129011154175,-2.651984930038452,16.21438217163086,-10.919194221496582
961,Brad Keller,110.64179658158055,2021,-12.907938957214355,,,-2.2289793491363525,-4.104406356811523,-2.2669918537139893,
962,Erick Fedde,108.56069666795395,2021,,1.9983902275562286,,-14.031992793083191,-5.2303003668785095,0.9369670748710632,
963,Phil Hughes,115.03886021187635,2015,-12.861061751842499,1.3123215436935425,0.2825295925140381,0.5304443836212158,-1.5845161974430084,,-0.9287525415420532
964,Davis Martin,109.46618342763722,2025,2.174334466457367,-0.8473584651947021,,2.394161269068718,0.827863797545433,-5.6613103449344635,-0.9271616004407406
965,Zac Gallen,111.31131186454435,2025,5.749139785766602,-8.64972972869873,,0.6424485445022583,4.0272040367126465,-0.22480431199073792,-1.6926007270812988
966,Kyle Freeland,114.95719310952664,2023,6.298630714416504,,,-7.76280403137207,-9.15003490447998,-2.8859989643096924,-6.35689115524292
967,Johnny Cueto,110.14937562359827,2017,1.4897466897964478,,,-2.649186134338379,-4.028227806091309,-3.2585413455963135,
968,Andrew Heaney,107.98918217915084,2023,1.4410631656646729,,,,-0.7802111953496933,-8.560564994812012,
969,Chase Anderson,108.68924192905776,2019,-3.0351643562316895,5.969167649745941,,1.4104949831962585,5.1031816974282265,,-9.094839572906494
970,Charlie Morton,111.28245158716368,2024,-10.950912475585938,,,0.8184942603111267,-4.202682018280029,-1.8437765836715698,9.374554634094238
971,Sean Manaea,92.48556553291506,2023,8.074389398097992,,,0.4483722448348999,4.706371784210205,-4.945569753646851,
972,Andrew Suárez,110.84455940577462,2018,2.1945722103118896,,,0.5425854325294495,1.6464098691940308,-2.7599072456359863,-2.57895565032959
973,Kyle Hendricks,116.53948646668589,2021,-5.984052658081055,,,-1.9946587085723877,-6.340607166290283,,-3.0413763523101807
974,Paolo Espino,103.70202381421159,2021,-3.4749908447265625,,,,-2.2533720582723618,0.34267640113830566,4.60371470451355
975,Kendall Graveman,101.12830520985581,2017,-0.16202174127101898,-5.794156074523926,,3.6087987422943115,1.194782018661499,-0.41995763778686523,0.7477035522460938
976,Landen Roupp,98.04608017746281,2025,0.32921984791755676,-1.1500016450881958,,-7.0279035568237305,-0.7674164772033691,,2.207914113998413
977,Matt Strahm,100.81996089795814,2019,-9.498193442821503,,,,-0.21616101264953613,-0.4245299696922302,9.852043151855469
978,Sean Newcomb,97.8636176776301,2017,-0.0655214861035347,,,,-3.845808982849121,1.8085474967956543,-3.45584774017334
979,Mitch Keller,101.38626116642722,2021,-6.806699752807617,,,,-2.428591012954712,-0.5648388862609863,-8.270946502685547
980,John Gant,102.16240519569081,2018,2.543106973171234,-0.026440227404236794,,10.910221099853516,-1.9832083582878113,-0.14214584231376648,-2.6921907514333725
981,Félix Hernández,111.04997833820424,2016,-2.988999605178833,1.1197553873062134,,-8.644333839416504,13.056029319763184,1.2912641763687134,-3.4840545654296875
982,Tom Koehler,114.03618961607322,2016,-9.583102226257324,,,-9.768111228942871,-1.9932535886764526,18.094125747680664,-0.0036000218242406845
983,Jake Arrieta,107.51615470031936,2019,0.14477969706058502,,,1.1462812423706055,-1.971745491027832,-6.712553977966309,-0.8233805894851685
984,Derek Holland,107.94100358134932,2016,0.815498560667038,0.07458627223968506,0.5255118012428284,-1.0325126647949219,-0.85010626912117,-4.9668498039245605,0.6798585653305054
985,Jameson Taillon,114.10963029363832,2025,6.560295104980469,-2.8105051517486572,,0.6197730302810669,5.142002582550049,-9.060516357421875,6.849607944488525
986,José Berríos,114.3839767169633,2024,-3.9640231132507324,-1.401543140411377,,6.813984394073486,4.698846340179443,2.3391425609588623,
987,Simeon Woods Richardson,109.48756169661881,2025,0.3922719955444336,,1.3021233081817627,,-3.629115104675293,4.2159411907196045,-0.6213785111904144
988,David Peterson,99.63848138505664,2023,-4.759457051753998,,,3.9641372114419937,-5.272062782198191,-9.97057369351387,4.546519458293915
989,Wei-Yin Chen,112.62371271659984,2018,3.3200314044952393,-0.08625312149524689,,-2.136284112930298,-5.648782730102539,2.5782177448272705,0.623078465461731
990,Ian Kennedy,110.47808700401612,2018,-5.035604476928711,-2.4617185592651367,,-0.7583308815956116,3.177184820175171,0.18012231588363647,-0.10843861103057861
991,Michael Wacha,108.52150331166578,2021,1.6245851516723633,-10.115053653717041,,0.7594591379165649,2.320610284805298,,-1.3083296567201614
992,Jaime García,109.7521839582343,2016,-4.191759794950485,,,-9.877750977873802,2.8940586149692535,1.0636925101280212,1.0572947952896357
993,Zack Greinke,111.07881721133795,2023,3.440665602684021,-1.8867757320404053,,-4.812238693237305,-0.13393878936767578,5.31138801574707,-9.25983452796936
994,Dan Haren,120.80978342685094,2015,-1.0078563690185547,9.67973256111145,-6.3047850131988525,3.443792939186096,,,-4.530828595161438
995,Eric Lauer,111.62179545079208,2022,8.913887977600098,-2.2815613746643066,,,-3.2989656925201416,4.45956563949585,-4.724738121032715
996,Bailey Ober,118.86663984270123,2025,0.38493549823760986,,,-3.523282766342163,1.783439040184021,-9.476482391357422,-3.520556688308716
997,Sean Manaea,113.98361244108001,2022,,,,1.63875812292099,-7.607833981513977,-1.6340265274047852,
998,Yusei Kikuchi,110.41361592323268,2021,0.4020666480064392,0.773163914680481,,,2.5123965740203857,-2.3982694149017334,
999,Triston McKenzie,111.38084264689103,2021,0.5846470445394516,,,,-2.526708573102951,4.398871034383774,6.77064847946167
1000,Garrett Richards,109.38628693377622,2021,-9.33971643447876,,,0.30040987581014633,-0.24555468559265137,-5.292863965034485,-3.861306130886078
1001,Tyler Chatwood,107.88630565488671,2017,-10.382615804672241,4.825456649065018,,0.40023255348205566,2.5419809818267822,-0.2323930859565735,1.620368853211403
1002,Ben Brown,100.17066288135645,2025,-10.06285572052002,,,,0.42953968048095703,,-2.3694076538085938
1003,Jose Quintana,112.68860403465236,2024,-3.030421257019043,,,8.347538948059082,2.5989437103271484,,-0.3731911778450012
1004,Colby Lewis,109.43418802337561,2016,6.822386741638184,,,0.9298088550567627,-3.232689619064331,5.993663787841797,-1.4838447570800781
1005,Dakota Hudson,110.3354947591142,2022,-1.1829065680503845,5.519012212753296,,-0.3380224108695984,-1.9604905843734741,-1.4451000094413757,
1006,Jake Odorizzi,105.96595502363822,2021,4.957461714744568,-1.4306490421295166,-5.783237308263779,4.231427192687988,,-3.3858447074890137,1.4117283821105957
1007,Steven Brault,107.77780846943716,2019,-5.641573548316956,,,-0.40936172008514404,1.9757289290428162,2.60882768034935,-0.355614498257637
1008,Tyler Anderson,113.39763061127424,2023,-10.749370336532593,2.2764780819416046,,-4.820001281797886,0.5201466083526611,-0.517761617898941,0.024995818734169006
1009,Javier Assad,115.74256075259676,2024,-3.825223445892334,-4.036501407623291,,5.103142738342285,-1.7699726819992065,-5.381955623626709,0.027738269418478012
1010,Erasmo Ramírez,103.57779466173143,2017,4.717577755451202,9.012535095214844,,-9.78444230556488,1.5746725499629974,-1.8612579107284546,0.275529682636261
1011,Adrian Houser,104.62370208720274,2022,-2.845658242702484,,-0.1581069678068161,-0.4026866853237152,,3.8752600625157356,-2.862068757414818
1012,Wade Miley,106.97712250778113,2023,1.6304415464401245,9.98643684387207,,-2.529757261276245,3.09335994720459,0.7620784640312195,0.6339767575263977
1013,Nathan Eovaldi,108.52128668366252,2022,-4.509817600250244,-2.7193264961242676,9.073657989501953,,,-6.163226127624512,0.6509614586830139
1014,Andrew Heaney,111.00658051365957,2021,-5.157164812088013,,,,-1.7678024768829346,,0.2969897985458374
1015,Jeremy Hellickson,112.90060831445028,2015,-16.055126190185547,-0.26874828338623047,,1.9656081199645996,1.0940011739730835,-0.05873878672719002,6.7952880859375
1016,Bowden Francis,105.67888178180505,2024,18.44709587097168,,4.065309762954712,-0.06135290116071701,,-2.077229917049408,-4.839321851730347
1017,Tyson Ross,109.2225256169993,2018,5.560914039611816,-6.170181214809418,,-2.1043707579374313,-0.2521548271179199,5.789444103837013,
1018,Michael Kopech,110.41002117421786,2022,9.642900466918945,,,,-0.2681226134300232,-1.7697240114212036,0.9128589034080505
1019,Alec Mills,106.82479262299496,2021,-8.184618711471558,,,8.032503128051758,-1.9283717572689056,0.4603612720966339,-3.0848770141601562
1020,Chris Rusin,113.42126312399888,2015,-6.41669887304306,2.1339865624904633,,-4.869794547557831,-5.580992698669434,-6.944427996873856,-2.6396516785025597
1021,José Urquidy,117.90522260688806,2022,4.211054086685181,-0.9882332682609558,,,0.031420424580574036,-1.003105953335762,-4.483202073723078
1022,Austin Voth,104.64721853852676,2022,-3.5173834562301636,-3.28843030333519,,,0.2418377548456192,1.15631914883852,-1.4600449204444885
1023,Joey Lucchesi,107.16474029898475,2018,-1.8140183687210083,,,2.342088460922241,-1.9853763580322266,,0.17570126056671143
1024,Zach Plesac,111.91461769632947,2021,-15.771523475646973,,,,3.7486114501953125,9.247998237609863,3.7378807067871094
1025,Julio Teheran,115.6614718760344,2017,4.468272686004639,,0.06227114796638489,-2.167577028274536,-0.43854451179504395,-3.831587314605713,-3.8207733631134033
1026,Kyle Gibson,109.8227304648015,2017,-7.957973957061768,0.04318779706954956,,-1.463012933731079,2.3433563709259033,-1.71542227268219,-0.9415233731269836
1027,Caleb Smith,118.87823559320724,2019,5.852203369140625,,,,-3.0820181369781494,-1.1137609481811523,
1028,Mitchell Parker,118.1685390719176,2025,-3.7408978939056396,,-2.0062575340270996,,,-1.184324026107788,-6.5094757080078125
1029,Jonathan Cannon,112.01253884249302,2024,-1.071296364068985,0.5758588910102844,,2.191422387957573,-0.9489357024431229,-6.127178192138672,
1030,Dylan Bundy,117.11414708960623,2018,-13.387792587280273,,0.0489189550280571,1.0857453346252441,-11.135735511779785,2.400493621826172,-4.817868232727051
1031,JC Ramírez,107.1782220502608,2017,4.688218593597412,,-0.22203436493873596,0.27364420890808105,,-1.3717433214187622,-3.1464518904685974
1032,Chris Young,114.35338424227993,2015,2.2961751222610474,,,,-0.4265640079975128,8.234836637973785,0.15022769570350647
1033,Luis Ortiz,104.34739693506272,2024,5.668182015419006,3.1830559372901917,,6.012877941131592,0.4970858246088028,-2.5627286434173584,
1034,Jordan Zimmermann,113.14376571329127,2018,-12.650680541992188,,,-1.5393016338348389,-6.271988391876221,7.699004173278809,-0.9027884006500244
1035,Tyler Alexander,103.40303187580794,2021,-2.2302177250385284,3.745429754257202,,-4.881403207778931,-0.020975828170776367,3.7429251670837402,
1036,Josh Tomlin,114.17227392490449,2016,3.4151588678359985,-11.872211396694183,,0.4850209653377533,1.1718615293502808,0.07814765721559525,-4.951363161206245
1037,Ty Blach,98.70448398833845,2018,3.9498618841171265,,,,1.9434173107147217,-5.16118460893631,0.4801533594727516
1038,Dylan Bundy,107.13850524048713,2016,0.4148730933666229,,,-1.6931636929512024,1.454355001449585,,1.093963623046875
1039,Marcus Stroman,110.47100377264032,2024,-2.7358973026275635,-2.2578227519989014,,-0.8621336817741394,-0.9231190979480743,-12.612150073051453,3.832801192998886
1040,Ross Stripling,96.08237310476177,2016,-0.03338766098022461,,-0.2574273347854614,-4.330051451921463,3.840674638748169,2.952140688896179,3.04998379945755
1041,Tyler Wells,115.2159223350873,2022,-1.9612599611282349,,,,3.8561971187591553,1.3781214952468872,-1.3452404737472534
1042,Mike Montgomery,90.9097589789465,2016,-9.992572903633118,5.388930544257164,,3.1946513056755066,2.4302417784929276,,6.717644244432449
1043,Matt Moore,116.29681901154714,2017,-15.198083013296127,-9.119458884000778,,,0.42237144708633423,0.04318779706954956,1.9186665713787079
1044,Parker Bridwell,110.15427671337702,2017,0.6730149388313293,-0.946332573890686,,0.571495771408081,-1.804775059223175,0.1984243392944336,5.950910151004791
1045,Spenser Watkins,108.0178398189189,2022,-5.130338549613953,-2.699293792247772,,0.36224615573883057,-2.37367245554924,4.192152261734009,-3.6213191747665405
1046,Jason Hammel,109.05363520047347,2018,2.6874572932720184,,,-14.427580833435059,-3.247322201728821,-7.564611196517944,-3.1278616040945053
1047,Aníbal Sánchez,117.9358195776472,2016,-4.734999895095825,-1.4286012053489685,0.5355283617973328,-0.5764413550496101,0.06129872798919678,-7.236498236656189,-5.4863287806510925
1048,Spencer Strider,110.98920849483571,2025,-3.344242811203003,,,,-3.250129461288452,-3.3950350284576416,-1.6491940021514893
1049,Scott Kazmir,110.35939503920638,2016,-1.2256876230239868,-4.937689781188965,,0.43025028705596924,0.49249935150146484,2.8670623302459717,1.249040961265564
1050,Adbert Alzolay,110.68681091290954,2021,-3.181719023734331,3.4209903478622437,,-6.088741451501846,2.6967488527297974,6.8372931480407715,-1.2035810947418213
1051,Trevor Williams,116.10235999818455,2019,-3.9088473320007324,,,3.5244007110595703,-5.336489200592041,-6.602010250091553,-0.8125512599945068
1052,Domingo Germán,106.63196863216197,2023,-8.025711208581924,,,0.023122161626815796,5.182075262069702,,9.983296632766724
1053,Wei-Yin Chen,111.69921249872625,2016,1.479091763496399,-0.5804819464683533,,-5.620753765106201,3.176271915435791,-3.496706247329712,0.9664881825447083
1054,Aaron Ashby,100.94386677611207,2022,-2.1429568342864513,,,-1.0412263870239258,-5.2669291496276855,-0.39519812166690826,2.1715434789657593
1055,Andrew Abbott,119.19628086507299,2024,-3.257368564605713,,,,0.8575944304466248,0.7358301281929016,-2.8384947776794434
1056,Dakota Hudson,114.68356947334186,2019,8.337456703186035,6.622137226164341,,-4.399990901350975,-0.8449105024337769,-3.0209407806396484,
1057,Ariel Jurado,107.00302391608047,2019,-4.1191184520721436,,,-6.912545561790466,2.340304672718048,-7.767470121383667,-0.0808718204498291
1058,Joe Musgrove,101.11785895977656,2017,-4.557351231575012,-0.5387442111968994,,0.07519391179084778,-5.191530704498291,8.200175642967224,-1.7625584602355957
1059,Austin Gomber,117.77203181053233,2023,-19.040428161621094,,,-1.169551134109497,-0.2949792444705963,3.9992799758911133,-2.7183141708374023
1060,Trevor Rogers,111.32137569558786,2024,-2.6576530635356903,,0.039364367723464966,-2.575069487094879,-6.513916969299316,-9.279860496520996,
1061,Carlos Rodón,115.18118107669719,2018,0.13375765085220337,-0.22665181756019592,,-3.696321725845337,-1.4272382259368896,8.705927848815918,-0.042649973183870316
1062,Bryce Elder,111.40688275073909,2025,-1.0492544174194336,,,-5.556711673736572,-3.9990479946136475,-1.128469467163086,
1063,Zach Plesac,109.01275688614076,2019,0.17658235132694244,,,0.03082463890314102,2.9778382778167725,3.2617576122283936,-2.3205456733703613
1064,Drew Smyly,115.05542962273147,2023,,-1.027382880449295,,-12.757685095071793,,,-1.042407512664795
1065,Grant Holmes,107.73314554324891,2025,-13.571993738412857,4.072358995676041,,-0.024603387340903282,-1.340135931968689,12.115337029099464,1.263611987233162
1066,Sonny Gray,112.53352807577446,2016,-10.21342945098877,0.3200054466724396,-0.09202764928340912,-3.3486969470977783,-0.993749737739563,-2.3920888900756836,1.3062368631362915
1067,Trevor Rogers,108.92329377363626,2022,-10.54084300994873,,,-0.6160567998886108,-1.913684368133545,-1.4526526927947998,
1068,Dane Dunning,111.26035847055718,2022,0.05528425797820091,-2.3557987213134766,,-5.74019193649292,-3.165159225463867,-7.091616630554199,
1069,Taylor Hearn,99.4209700181193,2022,1.7728972434997559,-0.9498025178909302,,-3.466413676738739,-3.1627639532089233,-3.8658467531204224,
1070,Shota Imanaga,119.13843445114425,2025,-2.861494779586792,,4.234370231628418,2.0132265090942383,0.05379778519272804,9.055295944213867,-0.6474788188934326
1071,Kyle Freeland,115.43186814475328,2024,-4.182548522949219,,,-6.579826831817627,-4.199443817138672,-4.571608543395996,0.18323667347431183
1072,Javier Assad,99.58976824060716,2023,-2.8235921263694763,2.136728286743164,,11.146429061889648,-2.2588889598846436,1.1114113330841064,-3.2027210891246796
1073,José Berríos,115.59044722100731,2022,-18.921405792236328,,,3.9262280464172363,-5.006707668304443,-0.10773856937885284,
1074,Aaron Civale,118.21810664446807,2024,-6.066117644309998,9.54381799697876,,1.9841094017028809,-2.6247854232788086,-5.083310604095459,-5.369349718093872
1075,Ian Anderson,108.61911116545885,2022,-4.060270309448242,,,,1.670719861984253,,-4.901483058929443
1076,Mike Leake,117.62663746274269,2019,-2.3717825412750244,6.585913419723511,,-17.70926570892334,1.2200286388397217,1.6137949228286743,-2.1280452683568
1077,Ryan Yarbrough,102.73289821384125,2018,-4.553406357765198,5.593172073364258,,-0.11583457887172699,-4.000836372375488,4.435221314430237,0.0489189550280571
1078,Tom Koehler,119.70137718627636,2015,-6.764175891876221,0.1382673680782318,,-4.768826007843018,-2.233543898910284,5.049710765480995,4.678891360759735
1079,Lucas Giolito,121.0685259722049,2023,-11.392017841339111,,,-0.01819854974746704,-1.46750009059906,-2.207001209259033,-1.8215290643274784
1080,Steven Matz,115.91051392982529,2018,-0.0565401092171669,,,-4.317624568939209,2.3657429218292236,2.8466358184814453,-1.582480549812317
1081,Matt Garza,112.58578089443064,2017,-2.4759450554847717,,-0.03969336673617363,-2.680382788181305,-3.4602494053542614,5.169861376285553,-0.5556918233633041
1082,Brent Suter,110.75802272368728,2018,1.1246572136878967,,,-0.054220929741859436,-1.9863451719284058,1.3769311606884003,-1.873858481645584
1083,Sal Romano,118.41876296578248,2018,-4.393926024436951,-2.2802624702453613,,-5.573126047849655,-3.697587728500366,5.315188884735107,-0.4324296712875366
1084,Austin Gomber,108.32363773058707,2022,-12.766629695892334,,,,2.837800979614258,3.9382898807525635,-3.091686964035034
1085,Aaron Civale,110.34098499396147,2025,-0.9541409611701965,0.5442600250244141,,-2.7102701738476753,1.9106506034731865,-0.31345178186893463,-0.26184649765491486
1086,Wade Miley,114.90698539100654,2017,-12.979696273803711,-1.504614233970642,,-1.3241965770721436,-3.4517011642456055,-0.02271163836121559,-3.62278151512146
1087,Robbie Ray,108.45282604258257,2018,-2.956141471862793,,,0.22068606317043304,,2.478175401687622,3.8224732875823975
1088,Taj Bradley,115.10759639259979,2023,-6.511509418487549,-5.917532384395599,1.5173457860946655,,,,0.2041831612586975
1089,Kyle Harrison,110.29947898360241,2024,2.3809022903442383,,,,-6.667734622955322,-0.7026867866516113,-1.0379345417022705
1090,Patrick Corbin,120.05959223650898,2023,-3.348532199859619,,,-9.525067329406738,-3.8192341327667236,-5.696452617645264,
1091,Randy Vásquez,117.45615088089016,2025,4.614189028739929,-2.8892387747764587,,10.201356887817383,-3.003336116671562,-2.6123218536376953,-5.06249774992466
1092,Eric Lauer,112.03329028012256,2018,-3.5051918029785156,-7.897744178771973,0.0,-0.026440227404236794,-3.867760181427002,3.562476873397827,-1.9013179540634155
1093,Tyler Glasnow,98.38591331251645,2018,2.3149548768997192,-0.036135897040367126,,-0.17738795280456543,-0.6373770534992218,1.3643971681594849,0.46538472175598145
1094,R.A. Dickey,118.09746924897229,2016,0.7466143257915974,,,-1.1927440166473389,1.2706406116485596,-0.4566211998462677,
1095,Jered Weaver,121.47829077392467,2015,-9.888197898864746,,,-5.827322006225586,1.3420979976654053,1.6408133506774902,1.935832142829895
1096,Zach Plesac,114.45391001964946,2022,-8.103329300880432,,,-1.0813201665878296,-0.13612839579582214,3.934683382511139,-2.014787197113037
1097,Anthony DeSclafani,115.63686428465925,2018,-4.259356498718262,,,-1.560314655303955,-1.4156512022018433,7.502607345581055,-6.210494041442871
1098,Daniel Lynch IV,117.6045603535984,2022,-6.212682723999023,,,-1.5550373792648315,-1.7033427953720093,-9.094017028808594,-0.44555145502090454
1099,Ryan Gusto,111.34368034113133,2025,3.714266151189804,-3.1151228547096252,,0.5015428811311722,-5.659800723195076,-2.448029063642025,-3.379894435405731
1100,Scott Feldman,114.08417828121733,2017,0.27029743790626526,-6.731808662414551,,-5.989523410797119,-2.019139528274536,,7.7880425453186035
1101,Dallas Keuchel,107.63899551997665,2019,-3.0736606121063232,-0.03681148961186409,,5.762444972991943,2.076293468475342,-2.516895055770874,
1102,Mike Foltynewicz,113.42807688897192,2019,1.5099165439605713,,,1.5966240167617798,2.29209041595459,-2.2712364196777344,-1.5680570602416992
1103,Jose Quintana,116.62500014742352,2025,0.26249706745147705,,,-0.4302982687950134,-1.260103702545166,4.686298370361328,2.315380334854126
1104,Jorge López,114.09550250519729,2021,-5.942580223083496,,,-4.201714992523193,-3.947191834449768,0.8309223055839539,-5.366024553775787
1105,Scott Feldman,107.36218223357943,2015,,10.272725105285645,,-4.570103645324707,-1.2213020324707031,,-5.1995768547058105
1106,Mike Bolsinger,102.6946340454582,2015,0.28556644916534424,-5.95220422744751,,,-0.6040740609169006,9.339214324951172,0.1974971890449524
1107,James Shields,116.90259606212088,2015,-8.375595092773438,3.9659295082092285,,-3.9240052700042725,-3.922696352005005,-0.04601837694644928,2.48763370513916
1108,Paul Blackburn,110.62085387335746,2022,-2.1993472576141357,-4.0339884757995605,-0.007782943546772003,-1.6475318670272827,-0.8172937631607056,0.7658098340034485,1.5759085416793823
1109,Kyle Bradish,113.52153799693153,2022,,-10.6171875,,-0.5957978963851929,1.7972911596298218,3.269650459289551,0.32638585567474365
1110,Brad Keller,114.26019064308038,2022,-2.858351469039917,,,-9.512530326843262,1.205444574356079,-1.706360101699829,
1111,Chris Stratton,115.41433156681549,2018,9.04115343093872,,,-3.9187103286385536,-5.691310033202171,-4.160169184207916,-4.892001837491989
1112,Doug Fister,113.51525662696602,2016,-1.236279845237732,-1.0873494148254395,-2.035083532333374,-1.8135288953781128,-0.37209779024124146,-3.536135673522949,-4.502050876617432
1113,Héctor Santiago,125.29827104026226,2016,-0.20884013175964355,-4.128016352653503,,,-0.23569297790527344,-3.6626588106155396,-2.062782645225525
1114,Aaron Sanchez,113.73727604572372,2019,-4.410351634025574,,,-5.930748224258423,0.018265604972839355,0.04557297006249428,-5.653213739395142
1115,Sam Gaviglio,109.7819997031125,2018,-5.15077032148838,,,-14.993565499782562,-1.4004620909690857,5.177993059158325,-1.1252181679010391
1116,Ben Lively,115.86583747854668,2024,-1.393271565437317,,,3.6031007766723633,-1.7302709817886353,-1.0384048223495483,0.8576040863990784
1117,Keegan Thompson,112.51730959046374,2022,-4.029139995574951,1.4998401999473572,,2.246291883289814,0.5743493735790253,0.9529305994510651,-2.2931573390960693
1118,Dylan Bundy,118.76077009274668,2022,0.7139298915863037,,-4.915133953094482,-2.5420620441436768,,-6.908334732055664,3.0194880962371826
1119,Colin Rea,111.68483734406621,2023,9.891437649726868,-0.2858256995677948,-6.456506669521332,1.7112174928188324,,0.08679318428039551,-1.9414659142494202
1120,Colin Rea,117.29416196406798,2024,1.2754313051700592,-7.441300392150879,-4.250167429447174,-1.0542515516281128,,6.917036205530167,-4.503853917121887
1121,James Paxton,115.30493054355976,2024,-3.1695092916488647,,,0.32414374873042107,-2.3693474531173706,-1.732180118560791,2.906536340713501
1122,Julio Teheran,120.14042591087527,2018,-2.4359681606292725,,-0.026440227404236794,12.975593566894531,3.896662473678589,6.827128887176514,-8.673761367797852
1123,Charlie Morton,109.51962701471561,2015,-2.37241530418396,,-2.485863208770752,-3.9471795558929443,,,0.392577588558197
1124,Dustin May,115.83057125878734,2025,-0.587770152837038,-4.3957008719444275,,-8.007917523384094,-0.6079768165946007,1.3033411670476198,
1125,Taijuan Walker,119.73431806489951,2016,3.437039613723755,-0.31923654675483704,-5.408344268798828,-0.15725575387477875,-0.037809256464242935,-2.9130523204803467,-3.5380935668945312
1126,Andre Pallante,115.15210034358228,2025,-12.183786392211914,,,0.8422261476516724,,1.210079550743103,-4.3816962242126465
1127,Joey Estes,125.3036495962528,2024,0.8077570423483849,,,-0.9498842060565948,-5.636327266693115,-3.5217104703187943,
1128,JP Sears,119.85984819013257,2025,-9.856881618499756,0.0680951476097107,,-0.2844889163970947,-5.274044036865234,-1.3141250610351562,
1129,Ryne Nelson,119.79028223257123,2023,-9.284463882446289,,,,-0.5339013785123825,-3.5026877224445343,-2.923710897564888
1130,Aaron Civale,114.27963867037182,2021,-7.725978374481201,14.229265213012695,-2.6406145095825195,-3.5956270694732666,,-1.3620994091033936,6.0014567375183105
1131,Nathan Eovaldi,112.49148175189272,2016,0.6762551069259644,3.324404001235962,-0.6878015398979187,,-0.047190431505441666,-3.0206777825951576,-5.435646057128906
1132,Dallas Keuchel,116.79034874451258,2021,-0.8524140864610672,-6.138664230704308,,-5.763609170913696,-1.656161606311798,-5.69390220195055,
1133,Patrick Corbin,120.1350468768647,2022,-4.5032219886779785,,,-12.952898025512695,-3.663881301879883,-20.93170928955078,
1134,Tyler Wells,116.68055497366379,2023,4.381851077079773,2.6142094135284424,,,1.5101620256900787,3.5851030349731445,0.6035158932209015
1135,Rich Hill,111.74881140990713,2023,-2.2467088401317596,-4.278223276138306,-0.4067082107067108,2.7670447528362274,0.08272432908415794,-6.417670618742704,-9.64519065618515
1136,Jake Irvin,120.68161052458098,2023,-0.5745519995689392,,,-3.196403980255127,0.3041848838329315,,0.36945027112960815
1137,Matt Shoemaker,115.80064341356129,2015,-3.802842751145363,,0.572536051273346,-1.8284799009561539,,-1.0886497497558594,-1.1325472183525562
1138,Drew Pomeranz,107.88912427953257,2019,6.864986687898636,-3.429275467991829,,-6.255748748779297,1.0964666604995728,,-1.7993093132972717
1139,Jake Peavy,111.60390508605333,2016,-0.5839093327522278,1.7159920930862427,,-0.9790871441364288,-4.278383731842041,-2.9220430850982666,-5.894358038902283
1140,Vladimir Gutierrez,116.85231775012977,2021,-11.943182945251465,,,,4.169039726257324,-1.6287113428115845,-2.95267391204834
1141,Slade Cecconi,113.1685599504061,2025,3.6831142902374268,0.006033802404999733,,-0.08897919207811356,-2.882566452026367,-3.388302803039551,4.478355884552002
1142,Wily Peralta,111.98850481400862,2016,-6.633742332458496,,,-5.0809102058410645,-3.984309196472168,-2.0146424770355225,-0.022553568705916405
1143,Patrick Corbin,115.4361652920046,2016,-15.21885895729065,,,-0.3430900573730469,-8.002200722694397,1.0763456523418427,
1144,Michael Lorenzen,119.31081529630873,2024,5.5221860110759735,-0.06235508248209953,,-1.0260340869426727,7.641471743583679,-5.0874273255467415,0.3179570436477661
1145,Jonathon Niese,114.11761992919756,2015,-4.323829889297485,0.008409321308135986,,6.1860785111784935,-1.5806201100349426,-0.8363823890686035,-9.789686933159828
1146,Jordan Montgomery,112.79120233050699,2024,0.27280139923095703,1.2853787243366241,,-12.584034204483032,-7.125664949417114,,-5.000575423240662
1147,Brandon Finnegan,122.22090402146712,2016,0.7738096117973328,0.018569543957710266,,-8.26073169708252,8.096294403076172,1.175230622291565,-0.057529862970113754
1148,Chris Archer,113.73869565075272,2019,1.546080231666565,,,-5.181708812713623,-2.3233914375305176,2.1452858448028564,-0.8765420913696289
1149,Martín Pérez,111.63459462289171,2021,-0.9154455661773682,-12.13613772392273,,5.487298965454102,-3.3105947375297546,,-4.186624765396118
1150,Chris Paddack,121.0801800124621,2025,2.0375293493270874,0.09260505437850952,,0.9700352847576141,-6.458365380764008,-6.342084527015686,-2.662474751472473
1151,Bud Norris,107.29237822980565,2016,-4.00565505027771,9.598390877246857,,-7.870481580495834,0.015078319236636162,0.801992654800415,
1152,Adam Plutko,115.2045076465601,2019,-2.0621394217014313,,,,-3.368291664868593,2.4841546416282654,1.7466245889663696
1153,Yovani Gallardo,115.14912441192342,2016,0.5146220326423645,,,-2.6623051166534424,-0.2769343852996826,-12.973048210144043,0.146250918507576
1154,Adam Morgan,118.15393975866961,2016,-14.515937089920044,,,-2.0331106185913086,-2.1829800978302956,-0.6670651435852051,-0.05483448505401611
1155,Shelby Miller,116.22364290678561,2016,-6.866036415100098,-4.501419544219971,,-1.0167089700698853,-3.9552884101867676,,-0.036150477826595306
1156,Andrew Cashner,120.57132717722257,2018,-8.142350196838379,-1.7544567584991455,,-9.990537643432617,1.2945334911346436,0.5394555926322937,-9.843506813049316
1157,Antonio Senzatela,117.15255049556154,2019,-14.983565330505371,,,,-3.2458043098449707,-0.7844560146331787,-1.9451464414596558
1158,Tarik Skubal,119.55274878807862,2021,-13.226806998252869,,-3.55560901761055,4.806511402130127,1.556598424911499,4.6920201778411865,-2.0428306199610233
1159,Héctor Santiago,120.4404598208466,2015,6.953868478536606,-4.820836067199707,,-0.04601837694644928,-4.762717232108116,-2.864074319601059,-1.8002533912658691
1160,Colin Rea,113.04478254952626,2016,-1.7559938579797745,0.4123775213956833,,0.9746418595314026,-1.9271247535943985,-0.09202764928340912,-0.1143842339515686
1161,Sean Burke,116.35961833019702,2025,-1.2599024772644043,,,-1.0790781080722809,-8.288301587104797,-6.11307330429554,0.9347561299800873
1162,Robert Gsellman,115.18028703614097,2017,-8.335979044437408,,,-6.582780048251152,1.9992733001708984,-0.9924055337905884,-5.025838613510132
1163,Ricky Nolasco,116.25992049525229,2017,-14.052556991577148,,4.449689865112305,-7.743905544281006,0.06830649077892303,-7.2825164794921875,
1164,Andre Pallante,101.45527469538906,2022,8.608391761779785,,,-3.990840494632721,0.05528425797820091,4.933315753936768,-6.42315137386322
1165,Tylor Megill,114.06958228713546,2023,-4.618474960327148,,0.2230803519487381,,-0.07860153913497925,-4.774641990661621,-0.178731769323349
1166,Cristian Javier,104.8934132954692,2021,1.731128454208374,,,-0.035847388207912445,-0.7825961709022522,12.002500534057617,-1.9038267731666565
1167,Aaron Sanchez,111.00531322547336,2018,-3.654817819595337,,,0.7870790362358093,-1.168196201324463,-0.042649973183870316,-2.801694631576538
1168,Seth Lugo,121.10771340220501,2025,-1.9720534086227417,-5.745209693908691,-1.6155924797058105,1.969152808189392,-1.7724295854568481,3.574977397918701,1.2196733951568604
1169,Roenis Elías,113.83996287186739,2015,-9.426665402948856,,,1.0078319311141968,4.718484207987785,0.014951452612876892,2.3147097527980804
1170,Kris Bubic,121.40474339239658,2022,-20.68491017818451,,,,-3.5251414701342583,,0.27880388498306274
1171,Vince Velasquez,114.63978497387936,2019,6.591564908623695,0.2037363052368164,,-2.9191181920468807,-2.3401598930358887,-9.97230577468872,-1.8349319696426392
1172,Rubby De La Rosa,122.2942269312831,2015,1.1548365354537964,-0.016299225389957428,,-10.845283508300781,-12.283219337463379,9.21456527709961,
1173,Chris Flexen,118.31129250762699,2022,-7.2716423869133,1.846431016921997,,,2.5117407739162445,5.931395053863525,-5.037599086761475
1174,Bailey Falter,118.65780431746286,2025,4.378904402256012,,,2.824548453092575,-1.9283861257135868,-0.6878349930047989,-2.8549874573946
1175,Hyun Jin Ryu,111.70523935677866,2017,-22.01479908823967,4.062960714101791,,,5.44588965177536,1.4607238471508026,4.153898000717163
1176,Taijuan Walker,118.74599735083748,2025,1.8951110243797302,3.7610368132591248,-9.003257751464844,2.3935683220624924,,-3.819153308868408,-5.734719634056091
1177,Mike Pelfrey,120.07243418175858,2016,0.05836924910545349,-0.037809256464242935,-3.1153037548065186,-7.472836256027222,,-7.488190114498138,-0.7686774879693985
1178,John Lackey,122.27262108390823,2017,-0.4202551022171974,,,-10.843415766954422,-1.5511234998703003,11.349205136299133,-2.9144752137362957
1179,Clayton Richard,116.30882623318331,2018,-4.083627700805664,,,2.3976948261260986,-3.164795160293579,1.5749430656433105,0.18353602290153503
1180,JP Sears,124.5832605323213,2023,-12.046669960021973,-0.6318871378898621,,-0.031201843172311783,1.5366542339324951,0.09652314335107803,
1181,Miguel González,119.99329285923027,2015,-15.833441734313965,,1.9151232242584229,9.407684326171875,,0.0006964728236198425,-3.688689708709717
1182,Josh Fleming,103.77728874940433,2021,0.20934997498989105,1.4024092555046082,,4.815845713019371,-1.987849771976471,,-2.913659453392029
1183,Jimmy Nelson,121.7875598731356,2016,-1.8166143894195557,,,-19.95689582824707,-0.938477098941803,7.3500847816467285,-2.6106252670288086
1184,John Gant,114.22247497009646,2021,-1.695708841085434,3.2239292562007904,,2.500125527381897,-4.326640546321869,-0.6241020560264587,-0.4743089824914932
1185,Kendall Graveman,115.74316192381042,2015,-0.5439286828041077,1.105559229850769,,-4.563400745391846,-3.4584317207336426,-0.3129759430885315,1.2626131772994995
1186,Chris Archer,114.20203083693943,2022,-10.01090145111084,,,0.003434661775827408,1.0009057521820068,8.57066535949707,0.8145996332168579
1187,Martín Pérez,120.34597615439101,2024,-5.708380937576294,-4.36123526096344,,1.2562534809112549,-6.309321880340576,0.28462913632392883,1.9338372945785522
1188,Marco Gonzales,126.25775963604009,2021,-0.3636298179626465,-3.953709363937378,,,4.731188774108887,,1.0426448583602905
1189,Aníbal Sánchez,119.92643304986046,2017,-7.186056137084961,-6.6082541942596436,1.0878967344760895,-5.370268285274506,2.4704811573028564,-5.310737371444702,-4.887313425540924
1190,Daniel Mengden,113.79031331790883,2018,-5.268971920013428,-1.0460500717163086,-1.3067069053649902,1.79862779378891,2.7698883414268494,4.830887675285339,0.829110398888588
1191,Jordan Hicks,111.23627846466523,2024,-3.8930228650569916,,-1.537416160106659,-0.39401841163635254,,-0.44823428988456726,
1192,Lance Lynn,124.43446923965494,2023,-5.755545079708099,-0.4096442461013794,,3.8820160031318665,-3.0811617374420166,-7.219116449356079,-5.318492650985718
1193,Matt Wisler,120.53542201593783,2016,1.877369500696659,,,0.04849971830844879,-6.514528751373291,5.975192010402679,-2.9274418354034424
1194,Aaron Brooks,115.80122148513702,2019,-3.944358229637146,,,-2.697117567062378,-2.1543027758598328,2.4836230874061584,-1.594861850142479
1195,Cal Quantrill,124.99159071383224,2024,-5.599030494689941,-0.2378237098455429,3.6466753482818604,-15.642573356628418,-0.375296950340271,,-2.815389394760132
1196,J.A. Happ,121.7648962286961,2021,-8.04088807106018,,,0.48405909538269043,-4.955633521080017,-6.722306549549103,-2.6336023211479187
1197,Francisco Liriano,118.47732667891698,2018,-6.5537896156311035,,,-16.549516022205353,6.045488178730011,6.738513350486755,-0.6190298795700073
1198,Francisco Liriano,117.92573708981453,2016,-3.1168334148824215,,,-14.163279175758362,0.584208607673645,4.273162603378296,0.21879525482654572
1199,Nick Martinez,121.12258559737039,2015,-14.069506540894508,,,1.3975291550159454,3.155697137117386,-2.7220922112464905,-3.1306425034999847
1200,Chad Kuhl,125.23009697971979,2022,-4.178068161010742,,,-17.104644775390625,-6.1493239402771,3.6662495136260986,-4.452202796936035
1201,Zach Davies,124.70072782027549,2022,,-1.174807071685791,,-9.653406143188477,9.455174446105957,-0.615280270576477,-2.261854410171509
1202,Luis Medina,115.07427602206778,2023,-3.625293731689453,,,-1.375712901353836,2.125205546617508,-3.906584143638611,-1.439345121383667
1203,Clay Buchholz,120.94917927327282,2016,1.6481067538261414,4.045851469039917,1.061690092086792,-2.9632351398468018,-0.9799294769763947,,-2.2171855568885803
1204,Bartolo Colon,123.86138627896328,2018,-1.1852467358112335,-2.619581937789917,,-10.965762495994568,-9.991822361946106,-3.7604299783706665,
1205,Tony Gonsolin,120.44715720009182,2023,9.348596572875977,,1.1739271879196167,,,-1.7610827684402466,-6.017145156860352
1206,Chase Anderson,121.1050078573304,2016,-6.924353063106537,-1.8257285356521606,,-0.705992279574275,-6.301063224673271,,-0.5712774395942688
1207,Nick Martinez,111.4736107347405,2022,-12.347761750221252,2.1353503465652466,,6.157469153404236,5.093389987945557,,1.1688183546066284
1208,Kyle Hendricks,124.20562334051483,2024,-4.317907094955444,,,-5.633656144142151,-5.946398735046387,,1.455640435218811
1209,CC Sabathia,121.45302701734349,2019,0.21477676928043365,-5.184848934412003,,-0.940479040145874,0.2657206878066063,-3.947226583957672,
1210,Ian Kennedy,118.43127522847081,2015,-0.6653464436531067,-0.9992213845252991,,,-3.9456255435943604,,-9.452898979187012
1211,Mike Clevinger,125.03709261369342,2022,1.5428900718688965,0.7821440696716309,,4.3392438888549805,-2.805068254470825,-5.928159058094025,-1.0899744629859924
1212,Luke Weaver,123.87902130647441,2023,-14.233870103955269,2.184495560824871,,-0.17690351605415344,-9.090420812368393,-9.761716097593307,-1.2617905959486961
1213,Marco Estrada,127.15687270582067,2018,-11.806780815124512,-3.9902195930480957,,,-5.642683506011963,,-2.0034704208374023
1214,Matt Garza,123.48422585222711,2015,-7.130503416061401,,,-6.835212767124176,-1.3315538167953491,-2.2509573698043823,-3.669155351817608
1215,Andrew Cashner,118.99419149514205,2016,2.179960008710623,-0.037809256464242935,,-4.835441589355469,-3.699500285089016,-4.960361301898956,-5.651284396648407
1216,Cole Irvin,118.3878351788102,2024,-6.696713652461767,-1.2989127337932587,,-0.9577596187591553,-3.0338593423366547,-1.8188958168029785,-2.186779409646988
1217,Tyler Mahle,125.76083765236092,2018,1.0732202529907227,,-1.1495858430862427,-0.036135897040367126,-7.077364921569824,-6.5175557136535645,-0.8243049383163452
1218,Mike Vasil,101.96468425971828,2025,1.198761522769928,,,8.166149616241455,4.67353093624115,-0.3698230981826782,-0.5145263895392418
1219,Bartolo Colon,119.61363327286178,2017,-10.384169101715088,0.0446351021528244,,-21.58974838256836,0.055137693881988525,-1.7486294507980347,
1220,Madison Bumgarner,125.04706181040734,2022,-21.726158142089844,-8.643266677856445,,-1.135511040687561,5.721227169036865,,2.74995493888855
1221,Jorge De La Rosa,121.40094048506825,2016,-10.953356146812439,-12.24326178431511,0.21546614170074463,,,,0.42682212591171265
1222,Kris Bubic,120.41692653093563,2021,8.091809749603271,,,,-2.1090810298919678,,-6.546658277511597
1223,Charlie Morton,119.0086298476264,2025,-10.669918179512024,,,-3.74408495426178,-6.312852621078491,0.15289093554019928,-3.3629980385303497
1224,Cal Quantrill,124.38752194642427,2025,-4.010790705680847,-0.055464744567871094,-5.384968400001526,0.12929284572601318,0.05379778519272804,-5.042175650596619,-2.619899272918701
1225,Josh Collmenter,118.05653349468791,2015,,-3.0282907485961914,,,1.6057376861572266,-0.03492240607738495,-2.3405067920684814
1226,JT Brubaker,121.71308720952172,2021,-0.7689308524131775,,,-3.636641025543213,-4.194378852844238,-1.015904426574707,-3.019704580307007
1227,José Ureña,117.97891813416916,2021,-3.1810864210128784,,,-8.142576456069946,-6.752840369939804,0.8370822370052338,
1228,Drew Smyly,122.38018535230393,2021,-8.008861541748047,-2.043199062347412,,,,,-0.7780157923698425
1229,Jonathan Cannon,121.41505753297004,2025,-1.1634223461151123,2.681902766227722,,-9.887648582458496,-3.709611654281616,-4.526566386222839,0.0
1230,James Kaprielian,121.99965174147012,2022,-5.734124660491943,,,4.099928855895996,-5.822439670562744,1.664864182472229,1.1110774278640747
1231,Miles Mikolas,123.61869366346082,2025,-7.900096893310547,0.3321372866630554,,-0.4985717535018921,0.2376374751329422,-4.747956275939941,-4.6658501625061035
1232,Jalen Beeks,100.92263190838477,2019,-7.858747482299805,4.599812850356102,,0.0036682970821857452,0.8809304237365723,,-2.533483475446701
1233,Martín Pérez,115.67856616999909,2023,4.404084920883179,-10.396641254425049,,3.475828170776367,-4.249955415725708,0.37484870851039886,2.7459857165813446
1234,Jeremy Hellickson,128.6634880719909,2017,4.13370680809021,-1.7179210036993027,,1.0151371955871582,-8.565193369984627,,-0.03815409541130066
1235,Erick Fedde,127.90443403318793,2022,,-0.2081523835659027,,-6.790139675140381,-2.8030335903167725,-10.497232437133789,
1236,Matt Cain,124.04211240951615,2017,-4.873705320060253,-3.276151657104492,,-5.69690266251564,-1.2370538115501404,-2.212068684399128,-0.07790493965148926
1237,Adrian Sampson,119.17614385130288,2019,-23.65838384628296,,,-0.4788270592689514,-2.020633339881897,2.188382565975189,
1238,Matt Wisler,130.4121653487294,2015,-3.865996837615967,,,-6.711060024797916,-0.8712447136640549,0.13888803869485855,-2.0783475935459137
1239,Chi Chi González,120.18052164161676,2021,-7.492115259170532,,,0.19059471786022186,4.750223159790039,-12.994486093521118,-3.4456329345703125
1240,Jeff Locke,117.96890963456919,2016,-4.522409081459045,0.31307366490364075,,-10.561578035354614,2.405273675918579,-9.76688289642334,-0.5138304829597473
1241,Tyler Beede,119.35242755295864,2019,1.2521569728851318,-0.5776039361953735,,,-5.511183977127075,-0.864673376083374,0.8273162841796875
1242,Félix Hernández,123.6651978072296,2018,-5.932016134262085,-1.1572981774806976,,-12.86030250787735,-0.27028632164001465,-0.8982746005058289,8.018723219633102
1243,Chase Anderson,128.92599089253386,2018,2.510114908218384,-3.0806570053100586,,-3.272123336791992,7.321983337402344,,1.9109960794448853
1244,Wily Peralta,120.99145302418025,2015,-7.712122917175293,,,-5.158850193023682,0.8645878434181213,-5.350903034210205,
1245,Chad Bettis,118.61685101719678,2018,-8.15514349937439,,,,1.9183329343795776,-0.9183536171913147,0.5185460038483143
1246,Ross Stripling,122.10327513283627,2021,-7.435989141464233,,,0.019386954605579376,7.534861922264099,-4.853542059659958,-3.192173957824707
1247,Germán Márquez,126.1927684963862,2025,-22.353574752807617,,,-0.02266216278076172,-2.2086734771728516,-5.7140212059021,-5.849982738494873
1248,Nick Martinez,126.9000515325351,2017,-5.790560066699982,2.87407648563385,,-5.219591856002808,-2.696656346321106,,-3.555377185344696
1249,Taylor Hearn,110.62417697025217,2021,1.8108127117156982,,,6.243171811103821,-1.62960284948349,-4.445347011089325,
1250,Luis Perdomo,118.1304494139162,2016,-8.941915273666382,,,-2.2975053787231445,-0.6670365929603577,-6.043287515640259,0.15661528706550598
1251,Jordan Lyles,131.57274412979805,2023,9.869863510131836,-3.2188072204589844,,-0.03559572994709015,-5.012014389038086,-8.2629976272583,-5.613187789916992
1252,Yusei Kikuchi,127.61224205294248,2019,-15.992829322814941,,,,0.6867290139198303,-9.00799560546875,-5.239163398742676
1253,Matt Moore,118.87763316505622,2018,-14.594484567642212,-6.406481862068176,,,0.24356446042656898,,-4.878816306591034
1254,Jordan Lyles,122.54232549120154,2021,-14.677508667111397,,,4.123811662197113,-0.7807711362838745,0.9939261078834534,-9.419792026281357
1255,Zach Thompson,121.50908463600055,2022,-0.24318838119506836,-5.355303227901459,,4.460196495056152,-8.547637328505516,,-1.8016478419303894
1256,Doug Fister,118.49669885469254,2015,-5.986143946647644,-0.45426085591316223,-3.2310005612671375,1.5672519505023956,,-2.1518187522888184,-1.2050198912620544
1257,A.J. Griffin,130.73059073902883,2016,-0.9085164070129395,-9.074748039245605,,-0.02682059071958065,-1.461883783340454,,0.18206986784934998
1258,José Ureña,123.61053509935932,2017,1.3879457712173462,,,0.04403114318847656,-2.191866099834442,7.895330429077148,
1259,Patrick Corbin,126.05108049988294,2021,-7.3981757164001465,0.08038945496082306,,-2.46755051612854,-5.560567378997803,-2.9766366481781006,-3.428868055343628
1260,Jesse Chavez,116.03201762264949,2017,-11.344878375530243,8.637826323509216,,-5.703235685825348,1.1010400652885437,-1.2477303743362427,0.912747323513031
1261,Carlos Carrasco,122.824495693845,2024,-2.211148262023926,,,-7.199552059173584,-4.200573921203613,-4.3057146072387695,1.671480417251587
1262,Jered Weaver,134.13835117772103,2016,-11.048724174499512,-2.274176836013794,,-13.470924377441406,3.190153121948242,-7.792294025421143,6.525681495666504
1263,Ubaldo Jiménez,120.88152144875423,2017,-0.8724158555269241,-0.023059025406837463,-3.574645757675171,-17.38125479221344,-0.6978352665901184,-4.315835699439049,-1.8782392740249634
1264,Kenta Maeda,120.3988861449918,2024,-11.756022930145264,-0.20836985111236572,-1.3409595489501953,0.28122925758361816,,-1.8876729011535645,-1.3160862289369106
1265,Tim Hudson,123.07905915784873,2015,-2.675292730331421,4.835527155548334,-0.4594426602125168,-4.326604783535004,,-0.016299225389957428,4.562453895807266
1266,Tomoyuki Sugano,129.23590275055102,2025,-7.2862229347229,1.7963881492614746,2.024592161178589,-0.43537449836730957,,-1.7233538627624512,-8.06086540222168
1267,Kyle Freeland,129.0694768270937,2019,-3.8751611709594727,-2.3330929279327393,,-5.592979907989502,-5.931506633758545,-1.453518033027649,0.0
1268,Jon Lester,127.89238472838238,2021,-8.38892388343811,-10.292893052101135,,-1.902553379535675,3.415987014770508,,-2.68356716632843
1269,Drew Hutchison,126.78880901337094,2022,-6.6541246473789215,,,4.603752493858337,-4.574878096580505,-1.3098437786102295,
1270,Lucas Giolito,129.26954979620282,2018,-13.196035385131836,-0.49406376481056213,,-1.2306044101715088,2.6995902061462402,2.9003500938415527,-8.436783790588379
1271,David Hess,131.33580421414553,2018,-10.37114292383194,,,-0.08374382555484772,-1.177572824060917,-0.011197447776794434,-0.7331558838486671
1272,Jake Odorizzi,127.97889035718457,2017,2.861604690551758,-0.5736280083656311,-4.079580783843994,-1.6049786806106567,,2.8278756141662598,2.0476150512695312
1273,Tommy Milone,111.71318628214287,2019,-6.081941843032837,,0.0,,12.642284154891968,1.1194164752960205,-4.165883839130402
1274,Dan Straily,130.2192594178295,2018,-8.122029304504395,,-0.036135897040367126,-0.20546169579029083,-2.819892168045044,9.293514251708984,0.2122747004032135
1275,José Ureña,112.56796833507752,2024,-2.4375447034835815,,,4.560332298278809,-1.8888713121414185,-1.3856401443481445,
1276,Glenn Otto Jr.,130.43865042378914,2022,-0.3110752999782562,0.19184011220932007,,3.8019251823425293,0.01895398274064064,-3.347285747528076,-4.934129238128662
1277,Aríel Miranda,132.95803769096534,2017,-0.5163487195968628,0.06227114796638489,-1.5729882717132568,0.0,-4.127720966935158,2.3192562460899353,
1278,Yovani Gallardo,128.38657839145833,2017,-9.641051054000854,-0.06172488257288933,,0.3216426372528076,-2.4648462533950806,0.061365604400634766,3.623212456703186
1279,Williams Pérez,128.88311198167864,2015,0.3843170702457428,,,-3.0360121726989746,-2.4295920729637146,0.12071938812732697,-3.7428725510835648
1280,Mike Fiers,125.44638303640534,2017,-2.9078799039125443,-9.037360191345215,0.8108546733856201,4.034053534269333,,-1.594682216644287,-5.696918427944183
1281,Zach Davies,129.82945488260674,2021,,-2.7864975929260254,,-14.891278266906738,-5.630504608154297,-0.5459332466125488,-0.791409969329834
1282,Homer Bailey,132.98328892771926,2018,-12.104998588562012,,-2.3606951236724854,-5.882516384124756,,-4.504588603973389,-3.336379289627075
1283,Jharel Cotton,132.5638048582964,2017,-8.818822860717773,-5.537925720214844,,5.319281578063965,-2.250840663909912,,-2.011439561843872
1284,Ian Kennedy,130.36085412867794,2017,3.2991867065429688,-0.6316912174224854,,,-2.7116761207580566,,-8.676712989807129
1285,Caleb Smith,124.27952372290666,2021,-3.1960291862487793,,,,2.057018280029297,1.6699122190475464,-0.8661194145679474
1286,Tyler Anderson,135.9767468165102,2025,-5.222995758056641,-8.347282409667969,,-2.8156144618988037,0.7529297471046448,-0.3601560890674591,-0.1349787414073944
1287,Jerome Williams,130.6348431045899,2015,-14.311130464076996,4.29843282699585,,-6.0625221729278564,-4.2172393798828125,-2.3743678107857704,-0.7724866680800915
1288,Marco Gonzales,133.25559739622753,2022,1.4175058603286743,-9.3626708984375,,-4.595794677734375,-3.22310733795166,,0.7573634386062622
1289,Ryan Vogelsong,122.90827942864335,2015,3.1761462688446045,0.8028918504714966,,-5.7726263999938965,-4.790177822113037,,0.042626261711120605
1290,Tyler Alexander,128.5584651067531,2022,-0.8080724477767944,-0.4398937225341797,,-2.7551015578210354,-5.6430980414152145,1.7683219909667969,
1291,Héctor Santiago,118.44530259387493,2018,-1.8291432857513428,,,0.9429708123207092,-6.754233121871948,-4.1282384395599365,-0.7074257135391235
1292,Griffin Canning,130.15948040243026,2024,-10.942374169826508,,,-0.051351722329854965,3.8616771697998047,-6.1583839654922485,-2.7131484746932983
1293,Jhoulys Chacín,132.03444733600364,2019,-10.608439270406961,-0.3019399344921112,0.2512613907456398,-16.204217672348022,-0.27361148595809937,8.084626361727715,0.5822951942682266
1294,Adam Conley,133.6859556543992,2017,-4.660768091678619,,,,-0.527775302529335,-1.7218896262347698,-0.7493035793304443
1295,Bryse Wilson,126.09935575522063,2022,-7.508562207221985,,0.2142122983932495,2.298681616783142,-7.466064810752869,-3.3754489421844482,-3.063320904970169
1296,Trevor Williams,136.1431507287943,2023,-8.597131729125977,,,-1.3286551237106323,-10.446508407592773,-7.817237377166748,-3.715543508529663
1297,Antonio Senzatela,126.44407997168133,2025,-22.96117126941681,-0.2796236574649811,,-0.4206787645816803,-8.498874068260193,-8.676340103149414,-0.7862264513969421
1298,James Shields,130.9620835079857,2017,-4.483147144317627,-4.455231666564941,,-3.326944589614868,-7.502935409545898,0.3250432014465332,5.588385105133057
1299,Tanner Roark,122.37980933984275,2015,-6.0444221049547195,,,8.603816986083984,0.6011703610420227,-3.599492132663727,-2.976967990398407
1300,Erick Fedde,127.28414949628058,2025,0.25574153661727905,-8.844628244638443,,-2.9006603360176086,-2.2977412343025208,2.003235114738345,
1301,Paolo Espino,122.46441061652583,2022,-7.27702260017395,,,,-1.703737735748291,-7.354579389095306,-1.6590774059295654
1302,Kolby Allard,123.12584872925237,2021,2.8201528787612915,-2.0669307112693787,,,-0.9988408088684082,,-5.545856356620789
1303,Ken Waldichuk,128.09396450025093,2023,-6.9197306632995605,,,,-5.91321587562561,-5.418365716934204,-1.9186065904796124
1304,Odrisamer Despaigne,125.23940652626762,2015,8.412233471870422,-4.821293830871582,,3.197109341621399,-7.832270383834839,,-7.60241174697876
1305,Dillon Gee,126.1192705187599,2016,1.7515251189470291,0.26197919622063637,,-13.325000047683716,1.5136890411376953,1.6624819040298462,-2.097613215446472
1306,Jorge López,123.2179059874949,2019,-11.70204472541809,,,-4.040498673915863,-3.184786319732666,0.024729490280151367,1.6304467804729939
1307,Tim Adleman,132.74147165264404,2017,-7.361088752746582,0.03630101680755615,,-8.325488269329071,-1.1489129066467285,,-0.6596120595932007
1308,Andrew Heaney,134.05403031126082,2025,-8.973398566246033,,,1.0169201791286469,2.4091343134641647,-8.940761804580688,-2.248187780380249
1309,Jake Irvin,133.261807053229,2025,-12.243611335754395,0.8792868256568909,,5.350327491760254,-8.722479820251465,1.904242992401123,-11.978920936584473
1310,Drew Smyly,133.71486313062408,2019,-8.571351170539856,-9.59726595878601,,,-2.3292620480060577,,-4.396954521536827
1311,Wil Crowe,133.99902283732675,2021,-17.01436758041382,,,0.7608779817819595,-0.250278040766716,-0.7934522032737732,-4.7662245109677315
1312,Michael Wacha,130.83967212507687,2019,-13.183649778366089,-5.1661717891693115,,-0.19578389823436737,9.421125173568726,0.03858998417854309,-5.586172878742218
1313,Kyle Lohse,127.95577238480412,2015,-8.003381252288818,,,-5.858866989612579,-1.129656434059143,2.238505393266678,-3.665217638015747
1314,Bryse Wilson,125.40780564066907,2024,-7.815051078796387,6.6823766231536865,,6.721474885940552,-0.5287874937057495,,-7.49703574180603
1315,Walker Buehler,136.1415177026896,2025,-7.0428780019283295,-4.000706374645233,,5.497813194990158,-3.143609430640936,0.19751088321208954,-5.630278162658215
1316,Wade LeBlanc,122.63892743794068,2019,-1.4767853021621704,-2.221734046936035,,-5.609036922454834,2.4389123916625977,,-4.989614725112915
1317,Adam Wainwright,139.58704611943108,2023,-3.4504127502441406,-0.15666308999061584,,-18.94550895690918,-3.046801805496216,-0.6561631560325623,-8.30826473236084
1318,Gabriel Ynoa,127.1948054570757,2019,-9.096898555755615,,,2.749670073390007,-3.203161597251892,0.4780616760253906,0.6294822096824646
1319,Jonathan Heasley,144.33321077748,2022,-11.124303817749023,,,,-4.78529691696167,-1.3997392654418945,0.549670934677124
1320,Michael Lorenzen,136.00936977866456,2015,-13.066933006048203,-0.6877522468566895,,0.0372450090944767,-5.063586100935936,-0.6752244383096695,-2.2822245657444
1321,Tyler Chatwood,139.7638372895423,2018,-5.727367609739304,5.629345417022705,,-7.967487275600433,0.9890596643090248,,-1.512641727924347
1322,Glenn Sparkman,131.50984746741162,2019,-1.6946951150894165,,,-0.7078057527542114,-4.091379165649414,-2.4291573464870453,-13.38520148396492
1323,Chris Flexen,142.16890764288198,2023,-19.224174976348877,-3.1681165993213654,,-2.5201238989830017,2.0177605152130127,-3.084147483110428,0.9677841663360596
1324,Joey Wentz,135.5235682746309,2023,-20.32710361480713,-2.7294931411743164,,,-0.7272882461547852,,-2.6280503273010254
1325,Tyler Alexander,128.12113132980872,2024,1.9869983196258545,-3.0164725482463837,,-4.592702031135559,-6.701236724853516,4.573934555053711,
1326,Mike Foltynewicz,137.94353672992773,2021,-8.653588652610779,,,-0.6646887362003326,-4.25096669793129,-3.2053331434726715,-2.4709094762802124
1327,Trevor Cahill,130.6997766540811,2019,-5.70536196231842,0.03364555910229683,,-5.28595507144928,-2.346642404794693,3.485447831451893,-2.701893299818039
1328,Josiah Gray,145.20236573100112,2022,-24.049083709716797,,,-2.1971731185913086,-5.970887660980225,6.433525562286377,1.697571873664856
1329,Jonathon Niese,136.85113022693864,2016,-8.366994708776474,1.632290467619896,,-5.402073470875621,-1.6400989890098572,,-6.0314455181360245
1330,Jack Kochanowicz,147.17822081434667,2025,-2.64595627784729,,,-8.48348331451416,-6.421364784240723,-5.435788631439209,-1.5774680376052856
1331,Jeremy Guthrie,142.22056862763773,2015,-11.055839776992798,-5.058444082736969,,-7.824938118457794,-0.3307042121887207,,-2.735272139310837
1332,Kyle Kendrick,147.2880505382135,2015,0.6665602922439575,-7.756565093994141,-3.803812026977539,-15.154993057250977,,0.3383026421070099,-6.938686847686768
1333,Yusei Kikuchi,143.08260891244518,2022,-13.077409982681274,-1.6194351613521576,,,4.741046652197838,-9.495700120925903,
1334,Derek Holland,144.78111485148423,2017,-11.238855004310608,0.03810656815767288,,-10.729983448982239,-2.5651307106018066,-3.587294101715088,-5.412923693656921
1335,Mike Pelfrey,142.59181858333085,2017,,,-0.45473243296146393,-17.901768445968628,-0.0913190022110939,-0.4447840601205826,0.8338724374771118
1336,Michael Kopech,146.75076945113443,2023,-9.333858847618103,,,,-0.5790841542184353,-11.172423839569092,0.4866989850997925
1337,James Shields,143.09052457284423,2016,-6.870470345020294,-12.272340416908264,,-8.594431638717651,-4.778668642044067,-1.070550560951233,-1.0357999801635742
